Name,Molecular Formula,Chemical & Physical Properties,CAS Number
4-Amino-2-chloro-5-(1H-tetrazol-5-yl)benzenesulfonamide,C7H7ClN6O2S,"Molecular Weight:274.688
Density:1.8±0.1 g/cm3
Boiling Point:633.9±65.0 °C at 760 mmHg
Melting Point:N/A",82212-14-4
N-octanoyl benzotriazole,C14H19N3O,"Molecular Weight:245.320
Density:1.1±0.1 g/cm3
Boiling Point:379.3±25.0 °C at 760 mmHg
Melting Point:N/A",58068-80-7
3-CHLORO-4-(ISOPROPYLSULFONYL)THIOPHENE-2-CARBOXYLIC ACID,C8H9ClO4S2,"Molecular Weight:268.73800
Density:N/A
Boiling Point:N/A
Melting Point:N/A",175202-26-3
2-(3-Chloropropoxy)-1-methoxy-4-nitrobenzene,C10H12ClNO4,"Molecular Weight:245.660
Density:1.3±0.1 g/cm3
Boiling Point:388.3±27.0 °C at 760 mmHg
Melting Point:N/A",92878-95-0
"4,6-Pyrimidinedicarboxylic acid",C6H4N2O4,"Molecular Weight:168.107
Density:1.7±0.1 g/cm3
Boiling Point:497.4±30.0 °C at 760 mmHg
Melting Point:N/A",16490-02-1
"2(1H)-Pyrimidinone,6-amino-5-nitro-",C4H4N4O3,"Molecular Weight:156.10000
Density:2.02g/cm3
Boiling Point:553.4ºC at 760 mmHg
Melting Point:N/A",69099-99-6
"5-(p-Toluenesulfonate)-2,3-O-isopropylidene-2-C-methyl-D-ribonic-gamma-lactone",C15H18O7S,"Molecular Weight:342.36400
Density:1.293
Boiling Point:N/A
Melting Point:N/A",109715-12-0
"Methyl 5-bromo-1H-1,2,4-triazole-3-carboxylate",C4H4BrN3O2,"Molecular Weight:205.997
Density:1.902±0.06 g/cm3
Boiling Point:352.1±25.0 °C at 760 mmHg
Melting Point:N/A",704911-47-7
4-Methyl-2H-isoquinolin-1-one,C10H9NO,"Molecular Weight:159.18500
Density:N/A
Boiling Point:N/A
Melting Point:N/A",77077-83-9
"6-Methyl-2,4(1H,3H)-quinazolinedione",C9H8N2O2,"Molecular Weight:176.172
Density:1.3±0.1 g/cm3
Boiling Point:N/A
Melting Point:N/A",62484-16-6
"5-Amino[1,3]thiazolo[4,5-d]pyrimidin-2(3H)-one",C5H4N4OS,"Molecular Weight:168.176
Density:1.7±0.1 g/cm3
Boiling Point:N/A
Melting Point:N/A",848691-22-5
2-ETHYLTHIO-5-METHYL-3H-PYRIMIDIN-4-ONE,C7H10N2OS,"Molecular Weight:170.23200
Density:1.25g/cm3
Boiling Point:274.4ºC at 760mmHg
Melting Point:N/A",13480-95-0
4-ETHOXY-2-HYDROXYPYRIMIDINE,C6H8N2O2,"Molecular Weight:140.14000
Density:N/A
Boiling Point:N/A
Melting Point:N/A",25957-58-8
"5-O-Methanesulfonate-2,3-O-isopropylidene-2-C-methyl-D-ribonic-γ-lactone",C10H16O7S,"Molecular Weight:280.29500
Density:1.33
Boiling Point:N/A
Melting Point:N/A",908128-94-9
4-Aminoquinazolin-2-ol,C8H7N3O,"Molecular Weight:161.161
Density:1.5±0.1 g/cm3
Boiling Point:489.6±37.0 °C at 760 mmHg
Melting Point:N/A",50440-88-5
3-(4-Nitrobenzyl)-5-hydroxy-3H-imidazole-4-carboxamide,C11H10N4O4,"Molecular Weight:262.22200
Density:N/A
Boiling Point:N/A
Melting Point:N/A",82439-87-0
"1,6-Naphthyridin-5(6H)-one,6-methyl-(8CI,9CI)",C9H8N2O,"Molecular Weight:160.17300
Density:1.229 g/cm3
Boiling Point:340.609ºC at 760 mmHg
Melting Point:N/A",19693-54-0
"9H-Purin-6-amine, N-cyclopentyl-",C10H13N5,"Molecular Weight:203.24400
Density:N/A
Boiling Point:N/A
Melting Point:N/A",103626-36-4
"2-benzyl-1,2,3,4-tetrahydro-benzo[b][1,6]naphthyridine-10-carboxylic acid",C20H18N2O2,"Molecular Weight:318.36900
Density:1.296g/cm3
Boiling Point:504.4ºC at 760mmHg
Melting Point:N/A",99117-21-2
"5-[(4-FLUOROPHENYL)AMINO]-1,3,4-THIADIAZOLE-2-THIOL",C8H6FN3S2,"Molecular Weight:227.28200
Density:1.57g/cm3
Boiling Point:316.1ºC at 760mmHg
Melting Point:N/A",14731-24-9
4-(4-ETHOXY-PHENYLSULFAMOYL)-BENZOIC ACID,C15H15NO5S,"Molecular Weight:321.34800
Density:1.387g/cm3
Boiling Point:522.2ºC at 760mmHg
Melting Point:N/A",18813-87-1
(2-FLUORO-BENZYL)-HYDRAZINE,C8H7FO2S,"Molecular Weight:186.20300
Density:1.36g/cm3
Boiling Point:297.6ºC at 760 mmHg
Melting Point:N/A",705-02-2
"4(1H)-Quinazolinone,3-(4-chlorophenyl)-2,3-dihydro-2-thioxo-",C14H9ClN2OS,"Molecular Weight:288.75200
Density:1.5g/cm3
Boiling Point:457.3ºC at 760mmHg
Melting Point:N/A",1028-40-6
"4-CHLORO-2-PYRIDIN-3-YL-5,6,7,8-TETRAHYDRO[1]BENZOTHIENO[2,3-D]PYRIMIDINE",C15H12ClN3S,"Molecular Weight:301.79400
Density:1.392g/cm3
Boiling Point:407.1ºC at 760 mmHg
Melting Point:N/A",128277-24-7
2-CHLORO-N-CYCLOHEX-1-EN-1-YL-N-ETHYLACETAMIDE,C10H16ClNO,"Molecular Weight:201.69300
Density:1.09g/cm3
Boiling Point:320ºC at 760mmHg
Melting Point:N/A",21417-18-5
"Butanamide,N-(5-chloro-2-methylphenyl)-3-oxo-",C11H12ClNO2,"Molecular Weight:225.67100
Density:1.247g/cm3
Boiling Point:386.1ºC at 760mmHg
Melting Point:N/A",25233-50-5
"3-(2,3-dimethyl-1H-indol-1-yl)propan-1-amine",C13H18N2,"Molecular Weight:202.29500
Density:N/A
Boiling Point:362.1ºC at 760mmHg
Melting Point:N/A",39971-86-3
"7-AMINO-4-METHYL-2H-BENZO[B][1,4]OXAZIN-3(4H)-ONE",C9H10N2O2,"Molecular Weight:178.18800
Density:1.299g/cm3
Boiling Point:488.5ºC at 760mmHg
Melting Point:141-143ºC",141068-81-7
4-AMINOPHENYLPHOSPHORYLCHOLINE,C11H20ClN2O4P,"Molecular Weight:310.71400
Density:N/A
Boiling Point:N/A
Melting Point:270-273ºC",102185-28-4
benzotript,C18H15ClN2O3,"Molecular Weight:342.77600
Density:N/A
Boiling Point:643.7ºC at 760 mmHg
Melting Point:N/A",39544-74-6
SODIUM 3-CHLOROBENZOATE,C7H4ClNaO2,"Molecular Weight:178.54800
Density:N/A
Boiling Point:281.3ºC at 760 mmHg
Melting Point:N/A",17264-88-9
2-ETHOXYTETRAHYDROFURAN,C6H12O2,"Molecular Weight:116.15800
Density:0.94g/cm3
Boiling Point:171ºC at 760mmHg
Melting Point:N/A",13436-46-9
Cholesteryl (pyren-1-yl)hexanoate,C49H64O2,"Molecular Weight:685.03100
Density:1.09g/cm3
Boiling Point:755ºC at 760mmHg
Melting Point:N/A",96886-70-3
"1,3-Dioxepin, 4,7-dihydro-2-phenyl-",C11H12O2,"Molecular Weight:176.21200
Density:1.11 g/mL at 25ºC(lit.)
Boiling Point:114ºC/3.5 mmHg(lit.)
Melting Point:N/A",2568-24-3
"N,N-dimethylformamide,sulfur trioxide",C3H7NO4S,"Molecular Weight:153.157
Density:N/A
Boiling Point:153ºC at 760 mmHg
Melting Point:155-158ºC(lit.)",29584-42-7
ethyl 2-(piperidine-4-carboxamido)acetate hydrochloride,C10H18N2O3,"Molecular Weight:214.26200
Density:N/A
Boiling Point:N/A
Melting Point:N/A",82827-44-9
1-chloro-4-(3-iodopropoxy)benzene,C9H10ClIO,"Molecular Weight:296.53300
Density:1.673g/cm3
Boiling Point:317ºC at 760mmHg
Melting Point:31ºC",119795-57-2
1-[2-nitro-4-(trifluoromethyl)phenyl]pyrrole,C11H7F3N2O2,"Molecular Weight:256.18100
Density:N/A
Boiling Point:N/A
Melting Point:N/A",136773-58-5
"2-(4-BROMO-3,5-DIMETHYL-1H-PYRAZOL-1-YL)ETHANETHIOAMIDE",C7H10BrN3S,"Molecular Weight:248.14300
Density:N/A
Boiling Point:N/A
Melting Point:N/A",175202-68-3
"3,4-Dibromo-1H-pyrrolo[2,3-b]pyridine",C7H4Br2N2,"Molecular Weight:275.928
Density:2.2±0.1 g/cm3
Boiling Point:N/A
Melting Point:N/A",1000340-33-9
"3,5-DIHYDRO-7-NITRO-4H-PYRROLO[3,2-D]PYRIMIDIN-4-ONE",C6H4N4O3,"Molecular Weight:180.12100
Density:2.026g/cm3
Boiling Point:606.66ºC at 760 mmHg
Melting Point:N/A",93587-26-9
3-amino-6-iodopyrazine-2-carboxylic acid,C5H4IN3O2,"Molecular Weight:265.00900
Density:2.35g/cm3
Boiling Point:455.682ºC at 760 mmHg
Melting Point:N/A",875781-48-9
1-(Benzyloxy)-3-ethynylbenzene,C15H12O,"Molecular Weight:208.255
Density:1.1±0.1 g/cm3
Boiling Point:336.6±25.0 °C at 760 mmHg
Melting Point:N/A",128133-59-5
Stigmastanol,C29H52O,"Molecular Weight:416.72300
Density:0.948g/cm3
Boiling Point:471.9ºC at 760 mmHg
Melting Point:N/A",83-45-4
11-Oxotestosterone,C19H26O3,"Molecular Weight:302.408
Density:1.2±0.1 g/cm3
Boiling Point:476.8±45.0 °C at 760 mmHg
Melting Point:N/A",564-35-2
β-Estradiol 3-(β-D-glucuronide) sodium salt,C24H31NaO8,"Molecular Weight:470.488
Density:N/A
Boiling Point:N/A
Melting Point:N/A",14982-12-8
2β-Hydroxy Testosterone,C19H28O3,"Molecular Weight:304.42400
Density:1.19g/cm3
Boiling Point:476.2ºC at 760 mmHg
Melting Point:N/A",10390-14-4
"2,4-Di-tert-butyl-6-methylphenol",C15H24O,"Molecular Weight:220.350
Density:0.9±0.1 g/cm3
Boiling Point:269.0±0.0 °C at 760 mmHg
Melting Point:50-52ºC",616-55-7
"2,4-Bis(α,α-diMethylbenzyl)phenol",C24H26O,"Molecular Weight:330.463
Density:1.063
Boiling Point:441.1±14.0 °C at 760 mmHg
Melting Point:63-65 °C(lit.)",2772-45-4
"2,6-Di-tert-butyl-4-nonylphenol",C23H40O,"Molecular Weight:332.56300
Density:0.899 g/cm3
Boiling Point:389.6ºC at 760 mmHg
Melting Point:N/A",4306-88-1
4-n-Dodecylphenol,C18H30O,"Molecular Weight:262.43000
Density:0.94 g/mL at 25ºC(lit.)
Boiling Point:310-335ºC(lit.)
Melting Point:N/A",104-43-8
2-sec-butylphenol,C10H14O,"Molecular Weight:150.21800
Density:0.982 g/mL at 25 °C(lit.)
Boiling Point:226-228 °C(lit.)
Melting Point:12 °C(lit.)",89-72-5
"2,4-Di-t-butylphenol",C14H22O,"Molecular Weight:206.324
Density:0.9±0.1 g/cm3
Boiling Point:265.5±9.0 °C at 760 mmHg
Melting Point:53-56 °C(lit.)",96-76-4
"2,4-Di-tert-pentylphenol",C16H26O,"Molecular Weight:234.377
Density:0.9±0.1 g/cm3
Boiling Point:285.1±0.0 °C at 760 mmHg
Melting Point:25 °C(lit.)",120-95-6
"4-sec-Butyl-2,6-di-tert-butylphenol",C18H30O,"Molecular Weight:262.43000
Density:0.902 g/mL at 25ºC(lit.)
Boiling Point:141-142ºC10 mm Hg(lit.)
Melting Point:25ºC(lit.)",17540-75-9
4-TERT-BUTYL-2-METHYLPHENOL,C11H16O,"Molecular Weight:164.244
Density:1.0±0.1 g/cm3
Boiling Point:244.6±9.0 °C at 760 mmHg
Melting Point:28-33ºC",98-27-1
4-Nonylphenol,C15H24O,"Molecular Weight:220.350
Density:0.9±0.1 g/cm3
Boiling Point:330.6±11.0 °C at 760 mmHg
Melting Point:43-44°C",104-40-5
4-tert-Butylphenol,C10H14O,"Molecular Weight:150.218
Density:1.0±0.1 g/cm3
Boiling Point:233.7±9.0 °C at 760 mmHg
Melting Point:96-101 °C(lit.)",98-54-4
Dinonyl phenol,C24H42O,"Molecular Weight:346.59000
Density:0.901 g/cm3
Boiling Point:453.2ºC at 760 mmHg
Melting Point:N/A",1323-65-5
"2,4,6-Tri-tert-butylphenol",C18H30O,"Molecular Weight:262.430
Density:0.9±0.1 g/cm3
Boiling Point:278.0±0.0 °C at 760 mmHg
Melting Point:125-130 °C(lit.)",732-26-3
"3,5-diiodo-4-pyridone",C5H3I2NO,"Molecular Weight:346.89200
Density:2.79 g/cm3
Boiling Point:314.3ºC at 760 mmHg
Melting Point:N/A",5579-93-1
TRIETHANOLAMINE HYDROIODIDE,C6H16INO3,"Molecular Weight:277.10100
Density:N/A
Boiling Point:335.4ºC at 760 mmHg
Melting Point:168ºC",7601-53-8
"6,7-Dihydroxy-4-methyl-2H-chromen-2-one",C10H8O4,"Molecular Weight:192.168
Density:1.5±0.1 g/cm3
Boiling Point:455.5±45.0 °C at 760 mmHg
Melting Point:274-276 °C(lit.)",529-84-0
[15]anen5,C10H25N5,"Molecular Weight:215.339
Density:0.9±0.1 g/cm3
Boiling Point:342.6±10.0 °C at 760 mmHg
Melting Point:100-102ºC",295-64-7
PYRIDINE IODINE MONOCHLORIDE COMPLEX,C5H5ClIN,"Molecular Weight:241.45700
Density:N/A
Boiling Point:N/A
Melting Point:N/A",6443-90-9
"1,4,7-Trimethyl-1,4,7-triazacyclononane",C9H21N3,"Molecular Weight:171.283
Density:0.9±0.1 g/cm3
Boiling Point:207.8±8.0 °C at 760 mmHg
Melting Point:N/A",96556-05-7
6-Hydroxy-4-methyl-2-oxo-2H-chromen-7-yl acetate,C12H10O5,"Molecular Weight:234.205
Density:1.4±0.1 g/cm3
Boiling Point:432.1±45.0 °C at 760 mmHg
Melting Point:N/A",46895-13-0
3-PHENYLSALICYLIC ACID,C13H10O3,"Molecular Weight:214.21700
Density:1.292g/cm3
Boiling Point:393.1ºC at 760 mmHg
Melting Point:186ºC",304-06-3
"4(3H)-Pyrimidinone,5-iodo-2,6-dimethyl-",C6H7IN2O,"Molecular Weight:250.03700
Density:2.03 g/cm3
Boiling Point:254.9ºC at 760 mmHg
Melting Point:N/A",83410-37-1
"1,4,7,10-Tetraazacyclotridecane",C9H22N4,"Molecular Weight:186.29800
Density:0.867g/cm3
Boiling Point:300.5ºC at 760mmHg
Melting Point:N/A",295-14-7
Tiratricol,C14H9I3O4,"Molecular Weight:621.932
Density:2.5±0.1 g/cm3
Boiling Point:531.6±50.0 °C at 760 mmHg
Melting Point:181.5ºC",51-24-1
TRIMETHYLSULFOXONIUM CHLORIDE,C3H9ClOS,"Molecular Weight:128.621
Density:N/A
Boiling Point:N/A
Melting Point:226-229ºC",5034-06-0
1-Iodooctadecane,C18H37I,"Molecular Weight:380.39100
Density:1.104 g/cm3
Boiling Point:194-197 °C2 mm Hg(lit.)
Melting Point:33-35 °C(lit.)",629-93-6
[18]aneN6,C12H30N6,"Molecular Weight:258.407
Density:0.9±0.1 g/cm3
Boiling Point:449.8±40.0 °C at 760 mmHg
Melting Point:147-152ºC",296-35-5
3-(4-CHLOROPHENYLTHIO)BUTYRIC ACID,C10H11ClO2S,"Molecular Weight:230.71100
Density:N/A
Boiling Point:153ºC
Melting Point:N/A",90919-34-9
4-chloro-2-phenylbutanenitrile,C10H10ClN,"Molecular Weight:179.64600
Density:N/A
Boiling Point:N/A
Melting Point:N/A",93273-13-3
"4-Pyrimidinecarboxaldehyde,1,2-dihydro-2-oxo-, 4-oxime",C5H5N3O2,"Molecular Weight:139.11200
Density:1.49g/cm3
Boiling Point:N/A
Melting Point:216ºC",7460-56-2
"2-oxo-6-(2-pyridinyl)-1,2-dihydro-3-pyridinecarbonitrile",C11H7N3O,"Molecular Weight:197.19300
Density:N/A
Boiling Point:N/A
Melting Point:245-247ºC",56304-74-6
"2-Phenyl-1,3-thiazol-4-ol",C9H7NOS,"Molecular Weight:177.22300
Density:1.304g/cm3
Boiling Point:351.7ºC at 760 mmHg
Melting Point:119-121ºC",827-45-2
2-phenylthiazolidine,C9H11NS,"Molecular Weight:165.25500
Density:1.113g/cm3
Boiling Point:300.1ºC at 760mmHg
Melting Point:110-112ºC",4569-82-8
3-(1-NITROETHYL)-2-BENZOFURAN-1(3H)-ONE,C10H9NO4,"Molecular Weight:207.18300
Density:1.341g/cm3
Boiling Point:398.6ºC at 760 mmHg
Melting Point:99-102ºC",79017-08-6
"3-(2-AMINO[1,2,4]TRIAZOLO[1,5-A]PYRIMIDIN-6-YL)PROPYL ACETATE",C10H13N5O2,"Molecular Weight:235.24300
Density:1.45g/cm3
Boiling Point:N/A
Melting Point:150ºC",85599-38-8
"1-Naphthalenepropanenitrile,2-hydroxy-",C13H11NO,"Molecular Weight:197.23300
Density:1.197g/cm3
Boiling Point:431.4ºC at 760 mmHg
Melting Point:N/A",14233-73-9
3-(2-HYDROXY-PHENOXY)-BUTAN-2-ONE,C10H12O3,"Molecular Weight:180.20000
Density:N/A
Boiling Point:N/A
Melting Point:70-72ºC",91061-42-6
"Benzenamine,3-(2-methyl-1,3-dioxolan-2-yl)-",C10H13NO2,"Molecular Weight:179.21600
Density:1.151g/cm3
Boiling Point:319.5ºC at 760 mmHg
Melting Point:72-74ºC",51226-14-3
"1-(2-CHLORO-PHENYL)-PYRROLE-2,5-DIONE",C9H16N2,"Molecular Weight:152.23700
Density:0.94 g/cm3
Boiling Point:123ºC 2mm
Melting Point:N/A",140837-33-8
3-(2-Phenoxyphenyl)acrylic acid,C15H12O3,"Molecular Weight:240.25400
Density:1.228g/cm3
Boiling Point:387.9ºC at 760mmHg
Melting Point:182-184ºC",95433-16-2
3-(3-BROMOPHENYL)ISOXAZOL-5-AMINE,C9H7BrN2O,"Molecular Weight:239.06900
Density:N/A
Boiling Point:N/A
Melting Point:119-121ºC",119162-52-6
"3-(3-CHLORO-2-METHYLPHENYL)-2-THIOXO-2,3-DIHYDRO-4(1H)-QUINAZOLINONE",C15H11ClN2OS,"Molecular Weight:302.77900
Density:1.46g/cm3
Boiling Point:464.7ºC at 760 mmHg
Melting Point:286-288ºC",81066-84-4
3-(3-CHLOROPHENYL)ISOXAZOL-5-AMINE,C9H7ClN2O,"Molecular Weight:194.61800
Density:N/A
Boiling Point:N/A
Melting Point:107-109ºC",86685-95-2
3-FUROYLACETONITRILE,C7H5NO2,"Molecular Weight:135.12000
Density:1.188g/cm3
Boiling Point:276.3ºC at 760 mmHg
Melting Point:82-84ºC",96220-13-2
3-(3-Methoxyphenyl)pentanedioic acid,C12H14O5,"Molecular Weight:238.23700
Density:1.282g/cm3
Boiling Point:398.568ºC at 760 mmHg
Melting Point:N/A",69061-62-7
"3-(3-Phenyl-1,2,4-oxadiazol-5-yl)propanoic acid",C11H10N2O3,"Molecular Weight:218.20900
Density:1.299g/cm3
Boiling Point:433.4ºC at 760mmHg
Melting Point:N/A",24088-59-3
"3-(3-Phenyl-2-propenyl)-2,4-pentanedione",C14H16O2,"Molecular Weight:216.27600
Density:1.042g/cm3
Boiling Point:160-164ºC 3mm
Melting Point:N/A",29638-71-9
3-(4-CHLOROPHENYL)-2-(PHENYLSULFONYL)ACRYLONITRILE,C15H10ClNO2S,"Molecular Weight:303.76300
Density:1.37g/cm3
Boiling Point:518.6ºC at 760 mmHg
Melting Point:152-154ºC",50709-88-1
"3-(4-CHLOROPHENYL)-2,5-FURANDIONE",C10H5ClO3,"Molecular Weight:208.59800
Density:1.488g/cm3
Boiling Point:367.3ºC at 760mmHg
Melting Point:152-154ºC",3152-15-6
"4-Thiazolidinone,3-(4-chlorophenyl)-2-thioxo-",C9H6ClNOS2,"Molecular Weight:243.73300
Density:1.57g/cm3
Boiling Point:370.1ºC at 760mmHg
Melting Point:N/A",13037-55-3
"3-(4-ETHOXYPHENYL)-2-THIOXO-2,3-DIHYDROQUINAZOLIN-4(1H)-ONE",C16H14N2O2S,"Molecular Weight:298.36000
Density:1.36g/cm3
Boiling Point:475.2ºC at 760 mmHg
Melting Point:>250ºC",1035-51-4
"3-(4-Fluorophenyl)-2-thioxo-1,3-thiazolidin-4-one",C9H6FNOS2,"Molecular Weight:227.27800
Density:1.53g/cm3
Boiling Point:339ºC at 760mmHg
Melting Point:N/A",387-27-9
"3-(4-FLUOROPHENYL)-3-(2,2,2-TRIFLUOROACETAMIDO)PROPANOIC ACID",C11H9F4NO3,"Molecular Weight:279.18800
Density:1.441g/cm3
Boiling Point:393.5ºC at 760mmHg
Melting Point:135-137ºC",117291-16-4
2-Chloro-4-nitro-3-pyridinol,C5H3ClN2O3,"Molecular Weight:174.542
Density:1.7±0.1 g/cm3
Boiling Point:334.7±37.0 °C at 760 mmHg
Melting Point:N/A",15128-85-5
2-Fluoro-2-methyl-1-propanol,C4H9FO,"Molecular Weight:92.112
Density:0.9±0.1 g/cm3
Boiling Point:101.9±10.0 °C at 760 mmHg
Melting Point:N/A",3109-99-7
h-d-glu(obzl)-obzl hcl,C19H22ClNO4,"Molecular Weight:363.83500
Density:N/A
Boiling Point:N/A
Melting Point:N/A",146844-02-2
H-Gly-Gly-OBzl · p-tosylate,C18H22N2O6S,"Molecular Weight:394.442
Density:N/A
Boiling Point:408ºC at 760 mmHg
Melting Point:157-159ºC",1738-82-5
H-Phe-Trp-OH,C20H21N3O3,"Molecular Weight:351.399
Density:1.3±0.1 g/cm3
Boiling Point:688.3±55.0 °C at 760 mmHg
Melting Point:N/A",24587-41-5
Z-Pro-ONp,C19H18N2O6,"Molecular Weight:370.356
Density:1.4±0.1 g/cm3
Boiling Point:541.7±50.0 °C at 760 mmHg
Melting Point:N/A",3304-59-4
LHRH (7-10) · 2 HCl,C19H38Cl2N8O4,"Molecular Weight:513.46200
Density:N/A
Boiling Point:N/A
Melting Point:N/A",75690-75-4
Z-Gly-Ser-OH,C13H16N2O6,"Molecular Weight:296.27600
Density:1.374 g/cm3
Boiling Point:641.7ºC at 760 mmHg
Melting Point:N/A",4180-62-5
"5,6,7,8-tetrahydronaphthalene-2-sulfonyl chloride",C10H11ClO2S,"Molecular Weight:230.71100
Density:1.334 g/cm3
Boiling Point:341.8ºC at 760 mmHg
Melting Point:N/A",61551-49-3
1-Isopropyl-3-methyl-1H-pyrazol-5-amine,C7H13N3,"Molecular Weight:139.198
Density:1.1±0.1 g/cm3
Boiling Point:245.4±20.0 °C at 760 mmHg
Melting Point:N/A",1124-16-9
Alpha-L-Rhamnopyranose,C6H14O6,"Molecular Weight:182.17200
Density:N/A
Boiling Point:N/A
Melting Point:91-93ºC",6014-42-2
H-Met-Gly-OH,C7H14N2O3S,"Molecular Weight:206.26300
Density:1.267 g/cm3
Boiling Point:487.4ºC at 760 mmHg
Melting Point:212ºC",14486-03-4
Cbz-Ile-Met-OH,C19H28N2O5S,"Molecular Weight:396.50100
Density:1.195g/cm3
Boiling Point:649.1ºC at 760 mmHg
Melting Point:N/A",84030-22-8
Dipeptide-2,C16H21N3O3,"Molecular Weight:303.356
Density:1.3±0.1 g/cm3
Boiling Point:604.8±55.0 °C at 760 mmHg
Melting Point:N/A",24587-37-9
Z-Ala-Leu-OH,C17H24N2O5,"Molecular Weight:336.38300
Density:N/A
Boiling Point:N/A
Melting Point:N/A",24959-68-0
Fmoc-HomoLeu-OH,C22H25NO4,"Molecular Weight:367.438
Density:1.2±0.1 g/cm3
Boiling Point:568.1±33.0 °C at 760 mmHg
Melting Point:N/A",180414-94-2
"2,3,4-tri-o-benzyl-l-fucopyranose",C27H30O5,"Molecular Weight:434.52400
Density:1.2g/cm3
Boiling Point:570.1ºC at 760 mmHg
Melting Point:89-91°C",60431-34-7
ZL-Arg-pNA * HCl,C20H25ClN6O5,"Molecular Weight:464.903
Density:N/A
Boiling Point:N/A
Melting Point:N/A",59188-53-3
"D-Glucitol,1,2,3,4,5,6-hexaacetate",C18H26O12,"Molecular Weight:434.39200
Density:1.248g/cm3
Boiling Point:466.777ºC at 760 mmHg
Melting Point:100-104ºC(lit.)",7208-47-1
H-Gly-Tyr-Gly-OH,C13H17N3O5,"Molecular Weight:295.29100
Density:1.381g/cm3
Boiling Point:753.7ºC at 760 mmHg
Melting Point:N/A",6099-08-7
Cyclo(-Phe-Phe),C18H18N2O2,"Molecular Weight:294.35
Density:1.186g/cm3
Boiling Point:594.2ºC at 760 mmHg
Melting Point:N/A",2862-51-3
3-O-BETA-D-GALACTO-PYRANOSYL-D-ARABINOSE,C11H20O10,"Molecular Weight:312.27100
Density:1.65g/cm3
Boiling Point:732.3ºC at 760 mmHg
Melting Point:N/A",6057-48-3
Z-Pro-Pro-OH,C18H22N2O5,"Molecular Weight:346.37800
Density:1.345g/cm3
Boiling Point:584.1ºC at 760 mmHg
Melting Point:N/A",7360-23-8
NAPHTHOL AS-BI BETA-D-GALACTOPYRANOSIDE,C24H24BrNO8,"Molecular Weight:534.35300
Density:N/A
Boiling Point:N/A
Melting Point:N/A",51349-63-4
H-Ser-Ala-OH,C6H12N2O4,"Molecular Weight:176.17000
Density:N/A
Boiling Point:N/A
Melting Point:N/A",6403-17-4
Z-Ala-Tyr-OH,C20H22N2O6,"Molecular Weight:386.39800
Density:N/A
Boiling Point:N/A
Melting Point:N/A",13122-97-9
Fmoc-3-Aminomethylbenzoic acid,C23H19NO4,"Molecular Weight:373.401
Density:1.3±0.1 g/cm3
Boiling Point:631.6±48.0 °C at 760 mmHg
Melting Point:N/A",155369-11-2
NAPHTHOL AS-BI N-ACETYL-BETA-D-GLUCOSAMINIDE,C26H27BrN2O8,"Molecular Weight:575.40500
Density:1.59g/cm3
Boiling Point:783.8ºC at 760mmHg
Melting Point:196ºC",3395-37-7
Tyrosylleucine,C15H22N2O4,"Molecular Weight:294.35
Density:1.218g/cm3
Boiling Point:575.9ºC at 760 mmHg
Melting Point:N/A",17355-10-1
H-β-Ala-Gly-OH,C5H10N2O3,"Molecular Weight:146.14400
Density:1.267g/cm3
Boiling Point:448.1ºC at 760mmHg
Melting Point:N/A",2672-88-0
(-)-DIBUTYL-D-TARTRATE,C13H14O6,"Molecular Weight:266.24700
Density:1.266g/cm3
Boiling Point:357.6ºC at 760mmHg
Melting Point:74-76ºC(lit.)",38270-72-3
"SODIUM (2S,3R,4S,5R,6R)-3,4,5-TRIHYDROXY-6-(HYDROXYMETHYL)TETRAHYDRO-2H-PYRAN-2-THIOLATE",C6H11NaO5S,"Molecular Weight:218.20300
Density:N/A
Boiling Point:N/A
Melting Point:145-150ºC dec.",42891-22-5
Z-Ser-Gly-OH,C13H16N2O6,"Molecular Weight:296.27600
Density:N/A
Boiling Point:N/A
Melting Point:N/A",30735-20-7
N-1-Naphthylglutamine hydrate (1:1),C15H18N2O4,"Molecular Weight:290.314
Density:1.329g/cm3
Boiling Point:589.1ºC at 760 mmHg
Melting Point:N/A",81012-91-1
"1,3-Propanediamine dihydrochloride",C3H12Cl2N2,"Molecular Weight:147.047
Density:0.867g/cm3
Boiling Point:135.5ºC at 760mmHg
Melting Point:246-250 °C(lit.)",10517-44-9
Boc-Asp(OBzl)-OSu,C20H24N2O8,"Molecular Weight:420.413
Density:1.3±0.1 g/cm3
Boiling Point:N/A
Melting Point:98-102ºC",13798-75-9
Homocysteic acid,C4H9NO5S,"Molecular Weight:183.183
Density:1.6±0.1 g/cm3
Boiling Point:N/A
Melting Point:273 °C",504-33-6
N-Desmethyl Prochlorperazine Dimaleate,C27H30ClN3O8S,"Molecular Weight:592.06000
Density:N/A
Boiling Point:N/A
Melting Point:N/A",49780-18-9
2-AMINO-1-(4'-BENZYLOXYPHENYL)ETHANOL,C15H17NO2,"Molecular Weight:243.30100
Density:1.164g/cm3
Boiling Point:434.5ºC at 760 mmHg
Melting Point:N/A",56443-72-2
12-oxo Stearic Acid methyl ester,C19H36O3,"Molecular Weight:312.48700
Density:0.911g/cm3
Boiling Point:178-180ºC/0.8 mmHg(lit.)
Melting Point:46-48ºC(lit.)",2380-27-0
Iso Desloratadine,C19H19ClN2,"Molecular Weight:310.82100
Density:N/A
Boiling Point:N/A
Melting Point:N/A",183198-49-4
"Rifamycin,3-[(1-piperazinylimino)methyl]-",C42H56N4O12,"Molecular Weight:808.91400
Density:1.35g/cm3
Boiling Point:N/A
Melting Point:N/A",13292-45-0
"9-Methoxy-1,3-dimethyl-12-thioxopyrido[1',2':3,4]imidazo[1,2-a]benzimidazol-2(12H)-one",C16H13N3O2S,"Molecular Weight:311.358
Density:1.5±0.1 g/cm3
Boiling Point:469.1±55.0 °C at 760 mmHg
Melting Point:N/A",125656-83-9
Promethazine hcl,C20H29ClN2O5,"Molecular Weight:412.90800
Density:N/A
Boiling Point:487.8ºC at 760mmHg
Melting Point:195-197ºC",132539-07-2
"2,5-Dinitro-1H-imidazole",C3H2N4O4,"Molecular Weight:158.07200
Density:1.867g/cm3
Boiling Point:503.1ºC at 760 mmHg
Melting Point:N/A",5213-49-0
GTS-21,C19H22Cl2N2O2,"Molecular Weight:381.30
Density:1.1±0.1 g/cm3
Boiling Point:485.6±45.0 °C at 760 mmHg
Melting Point:216-217℃ (decomposition)",156223-05-1
"METHYL 3-AMINO-4,5-DIHYDRONAPHTHO[1,2-B]THIOPHENE-2-CARBOXYLATE",C14H13NO2S,"Molecular Weight:259.32400
Density:1.324g/cm3
Boiling Point:475.7ºC at 760 mmHg
Melting Point:N/A",691393-99-4
"3-Bromo-7-chloro-1H-pyrazolo[4,3-d]pyrimidine",C5H2BrClN4,"Molecular Weight:233.453
Density:2.1±0.1 g/cm3
Boiling Point:405.4±40.0 °C at 760 mmHg
Melting Point:N/A",68510-70-3
4-(4-aminobutyl)phenol,C10H15NO,"Molecular Weight:165.23200
Density:1.05 g/cm3
Boiling Point:315.275ºC at 760 mmHg
Melting Point:N/A",22205-09-0
4-Nitroisoindolin-1-one,C8H6N2O3,"Molecular Weight:178.14500
Density:1.45g/cm3
Boiling Point:488.773ºC at 760 mmHg
Melting Point:N/A",366452-97-3
5-amino-4-cyano-1-(4-fluorophenyl)pyrazole,C10H7FN4,"Molecular Weight:202.18800
Density:1.36g/cm3
Boiling Point:394.1ºC at 760 mmHg
Melting Point:164-165°C",51516-70-2
5-Bromo-indan-2-ylamine,C9H10BrN,"Molecular Weight:212.08600
Density:N/A
Boiling Point:N/A
Melting Point:N/A",73536-88-6
6-Bromoisoindolin-1-one,C8H6BrNO,"Molecular Weight:212.043
Density:1.7±0.1 g/cm3
Boiling Point:431.7±45.0 °C at 760 mmHg
Melting Point:N/A",675109-26-9
6-Chloro-3-iodo-2-pyridinamine,C5H4ClIN2,"Molecular Weight:254.456
Density:2.1±0.1 g/cm3
Boiling Point:324.7±42.0 °C at 760 mmHg
Melting Point:N/A",800402-06-6
"6-CHLORO-7-FLUORO-2,3-DIHYDRO-1H-INDEN-1-ONE",C9H6ClFO,"Molecular Weight:184.59500
Density:N/A
Boiling Point:N/A
Melting Point:N/A",1179361-81-9
"N,N'-DICYCLOHEXYLCARBODIIMIDE METHIODIDE",C14H25IN2,"Molecular Weight:348.26600
Density:N/A
Boiling Point:N/A
Melting Point:N/A",36049-77-1
phenyl(trichloromethyl)mercury,C7H5Cl3Hg,"Molecular Weight:396.06400
Density:N/A
Boiling Point:N/A
Melting Point:111-114ºC",3294-57-3
(4Z)-4-Nonene-1-ol,C9H18O,"Molecular Weight:142.23900
Density:0.845
Boiling Point:217ºC
Melting Point:N/A",59499-28-4
(E)-4-Nonenoic acid,C9H16O2,"Molecular Weight:156.22200
Density:N/A
Boiling Point:N/A
Melting Point:N/A",35329-50-1
(E)-4-Undecenoic acid,C11H20O2,"Molecular Weight:184.27500
Density:N/A
Boiling Point:N/A
Melting Point:N/A",35329-55-6
(E)-4-Heptenoic acid,C7H12O2,"Molecular Weight:128.16900
Density:0.968g/cm3
Boiling Point:221.9ºC at 760mmHg
Melting Point:N/A",51193-78-3
(Z)-4-Octenal,C8H14O,"Molecular Weight:126.19600
Density:0.832g/cm3
Boiling Point:174.6ºC at 760mmHg
Melting Point:N/A",39924-26-0
(Z)-4-Octenoic acid,C8H14O2,"Molecular Weight:142.19600
Density:0.955g/cm3
Boiling Point:239.9ºC at 760mmHg
Melting Point:N/A",18654-81-4
2-(diethoxymethyl)thiophene,C9H14O2S,"Molecular Weight:186.27100
Density:1.066g/cm3
Boiling Point:219.432ºC at 760 mmHg
Melting Point:N/A",13959-97-2
2-propionyl-2-thiazoline,C6H9NOS,"Molecular Weight:143.20700
Density:1.23g/cm3
Boiling Point:239.4ºC at 760 mmHg
Melting Point:N/A",29926-42-9
3-(Allylthio)propionic acid ethyl ester,C8H14O2S,"Molecular Weight:174.26100
Density:N/A
Boiling Point:N/A
Melting Point:N/A",23246-24-4
3-P-TOLYLSULFANYL-PROPIONIC ACID ETHYL ESTER,C12H16O2S,"Molecular Weight:224.31900
Density:1.09g/cm3
Boiling Point:321.3ºC at 760 mmHg
Melting Point:56-57ºC",85169-05-7
(E)-4-Nonenal,C9H16O,"Molecular Weight:140.22300
Density:0.834g/cm3
Boiling Point:196.4ºC at 760mmHg
Melting Point:N/A",2277-16-9
bis-(p-Chlorobenzyl)disulfide,C14H12Cl2S2,"Molecular Weight:315.28100
Density:1.342g/cm3
Boiling Point:420.9ºC at 760mmHg
Melting Point:59ºC",23566-17-8
Ethyl 4-methyl-4-pentenoate,C8H14O2,"Molecular Weight:142.196
Density:0.9±0.1 g/cm3
Boiling Point:188.7±0.0 °C at 760 mmHg
Melting Point:N/A",4911-54-0
Methyl 2-oxo-2H-pyran-3-carboxylate,C7H6O4,"Molecular Weight:154.120
Density:1.3±0.1 g/cm3
Boiling Point:354.4±0.0 °C at 760 mmHg
Melting Point:75-77ºC(lit.)",25991-27-9
5-Formyl-4-methylthiophene-2-boronic acid,C6H7BO3S,"Molecular Weight:169.99400
Density:1.34g/cm3
Boiling Point:404.2ºC at 760 mmHg
Melting Point:118-120ºC",352530-25-7
Ethyl 2-pentynyl ether,C7H12O,"Molecular Weight:112.17000
Density:0.864
Boiling Point:63-65ºC/20mm
Melting Point:N/A",20635-10-3
"(1R,2R)-1,2-bis(2,4,6-trimethylphenyl)ethane-1,2-diamine",C20H28N2,"Molecular Weight:296.45000
Density:1.024g/cm3
Boiling Point:451.7ºC at 760 mmHg
Melting Point:N/A",425615-42-5
Hexaamminecobalt(III) nitrate,CoH18N9O9,"Molecular Weight:347.13100
Density:1.804
Boiling Point:N/A
Melting Point:300-304.2ºC(lit.)",10534-86-8
magnesium aluminate,Al2H2MgO4,"Molecular Weight:144.28200
Density:3.64 g/mL at 25 °C(lit.)
Boiling Point:N/A
Melting Point:2130 °C(lit.)",12068-51-8
vanadium oxide,O13V6,"Molecular Weight:513.64100
Density:3.91
Boiling Point:N/A
Melting Point:ca 1500℃",12037-42-2
COBALT TETRAFLUOROBORATE HEXAHYDRATE,B2CoF8H12O6,"Molecular Weight:340.63400
Density:N/A
Boiling Point:N/A
Melting Point:70-80ºC",26490-63-1
Copper(II) tetrafluoroborate hexahydrate,B2CuF8H12O6,"Molecular Weight:345.24700
Density:N/A
Boiling Point:N/A
Melting Point:N/A",72259-10-0
"Pentanoic acid,2-(diethoxyphosphinyl)-, ethyl ester",C11H23O5P,"Molecular Weight:266.27100
Density:1.061g/cm3
Boiling Point:331.4ºC at 760mmHg
Melting Point:N/A",35051-49-1
"tetrahexylazanium,perchlorate",C24H52ClNO4,"Molecular Weight:454.12700
Density:N/A
Boiling Point:N/A
Melting Point:110-113ºC",4656-81-9
3-Fluoro-5-iodoaniline,C6H5FIN,"Molecular Weight:237.014
Density:2.0±0.1 g/cm3
Boiling Point:279.5±25.0 °C at 760 mmHg
Melting Point:N/A",660-49-1
1-(Trifluoromethyl)-2-vinylbenzene,C9H7F3,"Molecular Weight:172.147
Density:1.2±0.1 g/cm3
Boiling Point:145.2±0.0 °C at 760 mmHg
Melting Point:N/A",395-45-9
"1-CHLORO-2,4,6-TRIS(TRIFLUOROMETHYL)BENZENE",C9H2ClF9,"Molecular Weight:316.55100
Density:1.567g/cm3
Boiling Point:137.5ºC at 760 mmHg
Melting Point:N/A",444-38-2
perfluoro-2-methylpentane,C6F14,"Molecular Weight:338.042
Density:1.7±0.1 g/cm3
Boiling Point:59.7±8.0 °C at 760 mmHg
Melting Point:<-150ºC",355-04-4
fluoropentachloroacetone,C3Cl5FO,"Molecular Weight:248.29500
Density:1.803g/cm3
Boiling Point:170.7ºC at 760mmHg
Melting Point:N/A",2378-08-7
"1,1,1-Trifluoroacetone oxime",C3H4F3NO,"Molecular Weight:127.06500
Density:1.32g/cm3
Boiling Point:96.3ºC at 760mmHg
Melting Point:N/A",431-40-3
2-Fluoro-6-(trifluoromethyl)benzaldehyde,C8H4F4O,"Molecular Weight:192.110
Density:1.4±0.1 g/cm3
Boiling Point:189.4±40.0 °C at 760 mmHg
Melting Point:155-157°C",60611-24-7
"3,4-DIFLUORO-5-NITROBENZOTRIFLUORIDE",C7H2F5NO2,"Molecular Weight:227.08800
Density:1.585g/cm3
Boiling Point:195.3ºC at 760 mmHg
Melting Point:N/A",101646-01-9
"2,2,3,3,3-pentafluoropropyl acrylate",C6H5F5O2,"Molecular Weight:204.09500
Density:1.32 g/mL at 25 °C(lit.)
Boiling Point:50 °C100 mm Hg(lit.)
Melting Point:49-50°C",356-86-5
"Potassium 2,2,2-trifluoroacetate",C2F3KO2,"Molecular Weight:152.114
Density:1.49 g/mL(lit.)
Boiling Point:72.2ºC at 760 mmHg
Melting Point:140-142 °C(lit.)",2923-16-2
"3-Bromo-3,3-difluoro-1-propene",C3H3BrF2,"Molecular Weight:156.957
Density:1.6±0.1 g/cm3
Boiling Point:42.0±0.0 °C at 760 mmHg
Melting Point:53-54°C",420-90-6
"3,5-Difluoro-2-hydroxyacetophenone",C8H6F2O2,"Molecular Weight:172.129
Density:1.3±0.1 g/cm3
Boiling Point:220.8±35.0 °C at 760 mmHg
Melting Point:53-55°C",140675-42-9
"4-Cyano-2,3-difluorophenol",C7H3F2NO,"Molecular Weight:155.102
Density:1.5±0.1 g/cm3
Boiling Point:260.8±40.0 °C at 760 mmHg
Melting Point:145-147ºC",126162-38-7
4-Amino-3-(trifluoromethoxy)benzoic acid,C8H6F3NO3,"Molecular Weight:221.133
Density:1.5±0.1 g/cm3
Boiling Point:303.2±42.0 °C at 760 mmHg
Melting Point:168-169ºC",175278-22-5
4-fluoro-dl-glutamic acid,C5H8FNO4,"Molecular Weight:165.12000
Density:1.498 g/cm3
Boiling Point:342.4ºC at 760 mmHg
Melting Point:185°C (dec.)",2708-77-2
"2,3,5,6-TETRAFLUORO-4-(TRIFLUOROMETHYL)PHENOL",C7HF7O,"Molecular Weight:234.07100
Density:1.713 g/mL at 25 °C(lit.)
Boiling Point:163-164 °C(lit.)
Melting Point:25°C",2787-79-3
2-Triflnoromethoxybenzyl cyanide,C9H6F3NO,"Molecular Weight:201.14500
Density:1.28 g/mL at 25 °C(lit.)
Boiling Point:222-223 °C(lit.)
Melting Point:N/A",137218-25-8
(R)-3-CHLORO-PYRROLIDINE,C6H12BrN,"Molecular Weight:178.07000
Density:N/A
Boiling Point:N/A
Melting Point:N/A",1011407-68-3
3-Chloromethyl-pyrrolidine,C5H10ClN,"Molecular Weight:119.59300
Density:N/A
Boiling Point:N/A
Melting Point:N/A",876509-14-7
"1-[(2,4-dichlorophenyl)methyl]piperidine-4-carboxylic acid",C13H15Cl2NO2,"Molecular Weight:288.17000
Density:N/A
Boiling Point:N/A
Melting Point:N/A",901920-31-8
3-(4-CHLORO-BENZENESULFONYL)-PIPERIDINE-1-CARBOXYLIC ACID TERT-BUTYL ESTER,C16H22ClNO4S,"Molecular Weight:359.86800
Density:N/A
Boiling Point:N/A
Melting Point:N/A",887590-18-3
(S)-3-BROMO-PYRROLIDINE,C6H14N2,"Molecular Weight:114.18900
Density:0.87g/cm3
Boiling Point:158.9ºC at 760 mmHg
Melting Point:N/A",91187-81-4
"(4-chlorophenyl)-(3,4-difluorophenyl)methanone",C13H7ClF2O,"Molecular Weight:252.64400
Density:1.344g/cm3
Boiling Point:351.8ºC at 760 mmHg
Melting Point:N/A",844885-01-4
"4-Chloro-3,5-dimethyl-1H-pyrazole",C5H7ClN2,"Molecular Weight:130.576
Density:1.2±0.1 g/cm3
Boiling Point:221.0±0.0 °C at 760 mmHg
Melting Point:N/A",15953-73-8
4-Chloro-3-methyl-1H-pyrazole,C4H5ClN2,"Molecular Weight:116.549
Density:1.3±0.1 g/cm3
Boiling Point:218.1±20.0 °C at 760 mmHg
Melting Point:N/A",1092682-87-5
Isobutylhydrazine hydrochloride (1:1),C4H13ClN2,"Molecular Weight:124.612
Density:N/A
Boiling Point:143.6ºC at 760 mmHg
Melting Point:85-87ºC",237064-47-0
"2,2,3,3,4,4,5,5,6,6-decafluoro-1-(trifluoromethyl)piperidine",C6F13N,"Molecular Weight:333.05000
Density:1.79g/cm3
Boiling Point:42.2ºC at 760 mmHg
Melting Point:N/A",359-71-7
"1,2,2,3,3,4,4,5,5,6,6-undecafluorocyclohexane-1-carbonyl chloride",C7ClF11O,"Molecular Weight:344.51000
Density:1.77g/cm3
Boiling Point:95-96ºC
Melting Point:N/A",58816-79-8
3-(isothiocyanatomethyl)pyridine,C7H6N2S,"Molecular Weight:150.20100
Density:1.11g/cm3
Boiling Point:278.9ºC at 760mmHg
Melting Point:N/A",36810-90-9
2-Butyn-1-yl carbonochloridate,C5H5ClO2,"Molecular Weight:132.545
Density:1.2±0.1 g/cm3
Boiling Point:148.5±23.0 °C at 760 mmHg
Melting Point:N/A",202591-85-3
"(1,1,1-trichloro-2-methylpropan-2-yl) carbonochloridate",C5H6Cl4O2,"Molecular Weight:239.91200
Density:1.497g/cm3
Boiling Point:83-84ºC14 mm Hg(lit.)
Melting Point:28-30ºC(lit.)",66270-36-8
2-(methylthio)cyclohexanone,C7H12OS,"Molecular Weight:144.23500
Density:1.069 g/mL at 25ºC(lit.)
Boiling Point:45ºC10.1 mm Hg(lit.)
Melting Point:N/A",52190-35-9
Nonafluorobutanesulfonic Anhydride,C8F18O5S2,"Molecular Weight:582.18400
Density:1.893g/cm3
Boiling Point:219.3ºC at 760mmHg
Melting Point:N/A",36913-91-4
"sodium,4-amino-3,5-dibromobenzenesulfonate",C6H4Br2NNaO3S,"Molecular Weight:352.96400
Density:2.253g/cm3
Boiling Point:N/A
Melting Point:N/A",78824-10-9
"2(3H)-Furanone,3-bromodihydro-3-methyl-",C5H7BrO2,"Molecular Weight:179.01200
Density:1.641g/cm3
Boiling Point:245.1ºC at 760mmHg
Melting Point:N/A",33693-67-3
Chlorotris(trimethylsilyl)silane,C9H27ClSi4,"Molecular Weight:283.106
Density:0.9±0.1 g/cm3
Boiling Point:225.3±23.0 °C at 760 mmHg
Melting Point:50-52ºC(lit.)",5565-32-2
Taltobulin,C27H43N3O4,"Molecular Weight:473.64800
Density:1.063g/cm3
Boiling Point:662.4ºC at 760 mmHg
Melting Point:135-137ºC",228266-40-8
1-[2-chloroethyl(methylsulfonyl)amino]-3-methyl-1-methylsulfonylurea,C6H14ClN3O5S2,"Molecular Weight:307.77500
Density:1.527g/cm3
Boiling Point:N/A
Melting Point:N/A",173424-77-6
Talampanel,C19H19N3O3,"Molecular Weight:337.372
Density:1.4±0.1 g/cm3
Boiling Point:528.9±60.0 °C at 760 mmHg
Melting Point:N/A",161832-65-1
C-1311,C20H22N4O2,"Molecular Weight:350.41400
Density:1.32g/cm3
Boiling Point:605.8ºC at 760mmHg
Melting Point:N/A",138154-39-9
"N-[(1S)-1-[[[(4R,7S)-Hexahydro-7-methyl-3-oxo-1-(2-pyridinylsulfonyl)-1H-azepin-4-yl]amino]carbonyl]-3-methylbutyl]-2-benzofurancarboxamide",C27H32N4O6S,"Molecular Weight:540.63100
Density:1.34g/cm3
Boiling Point:N/A
Melting Point:N/A",362507-64-0
Triapine,C7H9N5S,"Molecular Weight:195.245
Density:1.5±0.1 g/cm3
Boiling Point:436.0±55.0 °C at 760 mmHg
Melting Point:N/A",236392-56-6
Tariquidar,C38H38N4O6,"Molecular Weight:646.732
Density:1.3±0.1 g/cm3
Boiling Point:716.0±60.0 °C at 760 mmHg
Melting Point:N/A",206873-63-4
Pelitrexol,C20H25N5O6S,"Molecular Weight:463.507
Density:1.6±0.1 g/cm3
Boiling Point:N/A
Melting Point:N/A",446022-33-9
Quinagolide,C20H33N3O3S,"Molecular Weight:395.55900
Density:1.23g/cm3
Boiling Point:539.1ºC at 760mmHg
Melting Point:122.5-124°",87056-78-8
Talaporfin sodium,C38H37N5Na4O9,"Molecular Weight:799.688
Density:N/A
Boiling Point:1175.5ºC at 760mmHg
Melting Point:N/A",220201-34-3
Efaproxiral,C20H23NO4,"Molecular Weight:341.40100
Density:1.202g/cm3
Boiling Point:554.5ºC at 760mmHg
Melting Point:N/A",131179-95-8
Tasidotin hydrochloride,C32H59ClN6O5,"Molecular Weight:643.30100
Density:N/A
Boiling Point:N/A
Melting Point:N/A",623174-20-9
CB 1954,C9H8N4O5,"Molecular Weight:252.184
Density:1.7±0.1 g/cm3
Boiling Point:427.2±45.0 °C at 760 mmHg
Melting Point:173 °C",21919-05-1
Elinafide,C31H28N4O4,"Molecular Weight:520.57800
Density:1.344g/cm3
Boiling Point:750.7ºC at 760mmHg
Melting Point:N/A",162706-37-8
3-Aminocyclobutanol hydrochloride (1:1),C4H10ClNO,"Molecular Weight:123.581
Density:N/A
Boiling Point:N/A
Melting Point:N/A",1036260-25-9
METHYL 5-BROMO-2-HYDROXYPYRIMIDINE-4-CARBOXYLATE,C6H5BrN2O3,"Molecular Weight:233.01900
Density:1.814 g/cm3
Boiling Point:412.2ºC at 760 mmHg
Melting Point:N/A",71933-03-4
4-Methyl-5-pyrimidinecarboxylic acid methyl ester,C7H8N2O2,"Molecular Weight:152.15100
Density:1.17 g/cm3
Boiling Point:234.218ºC at 760 mmHg
Melting Point:N/A",157335-94-9
Ethyl 5-bromo-2-methyl-4-pyrimidinecarboxylate,C8H9BrN2O2,"Molecular Weight:245.073
Density:1.5±0.1 g/cm3
Boiling Point:290.5±20.0 °C at 760 mmHg
Melting Point:N/A",83410-38-2
3-Methylisonicotinaldehyde,C7H7NO,"Molecular Weight:121.137
Density:1.1±0.1 g/cm3
Boiling Point:230.2±20.0 °C at 760 mmHg
Melting Point:N/A",74663-96-0
3-Chloroisonicotinaldehyde,C6H4ClNO,"Molecular Weight:141.555
Density:1.3±0.1 g/cm3
Boiling Point:224.9±20.0 °C at 760 mmHg
Melting Point:58-62ºC(lit.)",72990-37-5
"2,3,5,6-Tetrachloroisonicotinaldehyde",C6HCl4NO,"Molecular Weight:244.890
Density:1.7±0.1 g/cm3
Boiling Point:302.6±37.0 °C at 760 mmHg
Melting Point:N/A",68054-26-2
3-Amino-4-carboxaldehyde,C6H6N2O,"Molecular Weight:122.125
Density:1.3±0.1 g/cm3
Boiling Point:333.3±27.0 °C at 760 mmHg
Melting Point:N/A",55279-29-3
"2,6-DIMETHOXYISONICOTINALDEHYDE",C8H9NO3,"Molecular Weight:167.162
Density:1.2±0.1 g/cm3
Boiling Point:268.1±35.0 °C at 760 mmHg
Melting Point:N/A",52606-01-6
3-Fluoroisonicotinaldehyde,C6H4FNO,"Molecular Weight:125.101
Density:1.3±0.1 g/cm3
Boiling Point:190.8±20.0 °C at 760 mmHg
Melting Point:N/A",40273-47-0
"2,6-Dimethylpyridine-4-carboxaldehyde",C8H9NO,"Molecular Weight:135.163
Density:1.1±0.1 g/cm3
Boiling Point:218.1±35.0 °C at 760 mmHg
Melting Point:8℃",18206-06-9
"3,5-Dichloro-2,6-difluoroisonicotinaldehyde",C6HCl2F2NO,"Molecular Weight:211.981
Density:1.7±0.1 g/cm3
Boiling Point:258.6±35.0 °C at 760 mmHg
Melting Point:N/A",17723-32-9
"3-Hydroxy-2,5-dimethylisonicotinaldehyde",C8H9NO2,"Molecular Weight:151.163
Density:1.2±0.1 g/cm3
Boiling Point:318.9±37.0 °C at 760 mmHg
Melting Point:N/A",1849-49-6
(10-acetyl-7-acetyloxyphenoxazin-3-yl) acetate,C18H15NO6,"Molecular Weight:341.31500
Density:1.34g/cm3
Boiling Point:591.3ºC at 760 mmHg
Melting Point:N/A",93729-77-2
2-cyano-4-phenylpyridine,C12H8N2,"Molecular Weight:180.205
Density:1.2±0.1 g/cm3
Boiling Point:342.4±30.0 °C at 760 mmHg
Melting Point:97-101ºC",18714-16-4
"Pyridine-2,6-dithiol",C5H5NS2,"Molecular Weight:143.230
Density:1.3±0.1 g/cm3
Boiling Point:278.9±20.0 °C at 760 mmHg
Melting Point:N/A",23941-53-9
Coelenterazine,C26H21N3O3,"Molecular Weight:423.463
Density:1.3±0.1 g/cm3
Boiling Point:641.4±65.0 °C at 760 mmHg
Melting Point:N/A",55779-48-1
S-METHYL-L-CYSTEINE METHYL ESTER HYDROCHLORIDE,C5H12ClNO2S,"Molecular Weight:185.67200
Density:N/A
Boiling Point:223.1ºC at 760mmHg
Melting Point:N/A",34017-27-1
(Z)-3-(dimethylamino)-2-phenylprop-2-enal,C11H13NO,"Molecular Weight:175.22700
Density:1.022g/cm3
Boiling Point:394.5ºC at 760mmHg
Melting Point:N/A",15131-89-2
"2-Pyridinecarbonitrile, 5-phenyl-",C12H8N2,"Molecular Weight:180.20500
Density:1.17g/cm3
Boiling Point:363ºC at 760mmHg
Melting Point:N/A",39065-45-7
"4-amino-2,6-dinitrotoluene",C7H7N3O4,"Molecular Weight:197.14800
Density:1.497 g/cm3
Boiling Point:382.6ºC at 760 mmHg
Melting Point:N/A",19406-51-0
Lucidin,C15H10O5,"Molecular Weight:270.237
Density:1.6±0.1 g/cm3
Boiling Point:585.0±29.0 °C at 760 mmHg
Melting Point:330ºC",478-08-0
para-Acetyl-L-phenylalanine,C11H14ClNO3,"Molecular Weight:243.687
Density:1.2±0.1 g/cm3
Boiling Point:396.7±37.0 °C at 760 mmHg
Melting Point:N/A",22888-49-9
"3-[(E)-[(2,4-dinitrophenyl)hydrazinylidene]methyl]phenol",C13H10N4O5,"Molecular Weight:302.24200
Density:1.49g/cm3
Boiling Point:526.2ºC at 760mmHg
Melting Point:N/A",1160-77-6
"2,5-Heptanedione",C7H12O2,"Molecular Weight:128.16900
Density:0.926 g/cm3
Boiling Point:208.3ºC at 760 mmHg
Melting Point:N/A",1703-51-1
"heptane-2,6-dione",C7H12O2,"Molecular Weight:128.16900
Density:0.926g/cm3
Boiling Point:212.5ºC at 760mmHg
Melting Point:N/A",13505-34-5
"3-(4-HYDROXYPHENYL)-2H-1-BENZOPYRAN-6,7-DIOL",C15H12O4,"Molecular Weight:256.25300
Density:1.439g/cm3
Boiling Point:526.8ºC at 760 mmHg
Melting Point:N/A",145917-93-7
"3,4,5,2',4'-Pentahydroxychalcone",C15H12O6,"Molecular Weight:288.252
Density:1.6±0.1 g/cm3
Boiling Point:658.1±55.0 °C at 760 mmHg
Melting Point:N/A",2679-65-4
5-Methoxy-N-methyl-N-(1-methylethyl)-1H-indole-3-ethanamine,C15H22N2O,"Molecular Weight:246.348
Density:1.1±0.1 g/cm3
Boiling Point:390.3±32.0 °C at 760 mmHg
Melting Point:N/A",96096-55-8
"1H-Indole-5,6-diol",C8H7NO2,"Molecular Weight:149.147
Density:1.5±0.1 g/cm3
Boiling Point:411.2±25.0 °C at 760 mmHg
Melting Point:N/A",3131-52-0
BENZOFURAN-2-CARBONITRILE,C9H5NO,"Molecular Weight:143.14200
Density:1.228g/cm3
Boiling Point:260.846ºC at 760 mmHg
Melting Point:N/A",41717-32-2
2-methylacetoacetic acid,C5H8O3,"Molecular Weight:116.11500
Density:1.125g/cm3
Boiling Point:227.9ºC at 760mmHg
Melting Point:N/A",2382-59-4
N-(5-Fluoro-4-methyl-2-pyridinyl)acetamide,C8H9FN2O,"Molecular Weight:168.168
Density:1.2±0.1 g/cm3
Boiling Point:321.4±42.0 °C at 760 mmHg
Melting Point:N/A",475060-21-0
"6-Methoxy-1,3-benzothiazole-2-carboxylic acid",C9H7NO3S,"Molecular Weight:209.222
Density:1.5±0.1 g/cm3
Boiling Point:412.3±37.0 °C at 760 mmHg
Melting Point:119-120ºC",946-13-4
4-Chloro-3-iodopyridine,C5H3ClIN,"Molecular Weight:239.441
Density:2.1±0.1 g/cm3
Boiling Point:248.6±20.0 °C at 760 mmHg
Melting Point:69-70ºC",89167-34-0
N-Succinimidyl-S-acetylthioacetate,C8H9NO5S,"Molecular Weight:231.226
Density:1.5±0.1 g/cm3
Boiling Point:337.3±44.0 °C at 760 mmHg
Melting Point:84-89ºC",76931-93-6
S-Acetylthioacetic Acid,C4H6O3S,"Molecular Weight:134.15400
Density:1.337g/cm3
Boiling Point:251.1ºC at 760mmHg
Melting Point:N/A",1190-93-8
3-(2-Hydroxypropan-2-yl)phenol,C9H12O2,"Molecular Weight:152.19000
Density:1.122g/cm3
Boiling Point:288.2ºC at 760 mmHg
Melting Point:N/A",7765-97-1
3-Pyridyl Diethylcarbamate,C10H14N2O2,"Molecular Weight:194.23000
Density:1.096g/cm3
Boiling Point:290.6ºC at 760 mmHg
Melting Point:N/A",51581-40-9
"2-NITRO-ALPHA-[(2,2,2-TRIFLUOROETHOXY)METHYL]-IMIDAZOLE-1-ETHANOL",C8H10F3N3O4,"Molecular Weight:269.17800
Density:1.56g/cm3
Boiling Point:449.1ºC at 760mmHg
Melting Point:N/A",21787-91-7
"2-(2,2,2-trifluoroethoxymethyl)oxirane",C5H7F3O2,"Molecular Weight:156.10300
Density:1.288g/cm3
Boiling Point:132.7ºC at 760 mmHg
Melting Point:N/A",1535-91-7
TETRAHYDRO-5-OXO-2-PHENYLFURAN-3-CARBOXYLIC ACID,C11H10O4,"Molecular Weight:206.19500
Density:1.35g/cm3
Boiling Point:467.5ºC at 760mmHg
Melting Point:N/A",13389-88-3
"4-HYDROXY-3,5-DIIODOBENZONITRILE BENZOATE",C14H7I2NO2,"Molecular Weight:475.02000
Density:N/A
Boiling Point:N/A
Melting Point:N/A",3861-43-6
Ethyl carbamimidate hydrochloride,C3H9ClN2O,"Molecular Weight:124.569
Density:N/A
Boiling Point:95.3ºC at 760mmHg
Melting Point:N/A",31407-74-6
4-Propyl-pyridin-2-ylamine,C8H12N2,"Molecular Weight:136.19400
Density:1.014 g/cm3
Boiling Point:257.4ºC at 760 mmHg
Melting Point:N/A",61702-15-6
(2-PHENOXYETHYL)(TRIPHENYL)PHOSPHONIUMBROMIDE,C14H11NO,"Molecular Weight:209.24300
Density:1.203g/cm3
Boiling Point:397.163ºC at 760 mmHg
Melting Point:N/A",77084-15-2
2-methyl-1-benzofuran-5-amine,C9H9NO,"Molecular Weight:147.17400
Density:1.178g/cm3
Boiling Point:282.9ºC at 760mmHg
Melting Point:N/A",26210-75-3
"7-Benzofurancarboxylicacid, 2-methyl-",C10H8O3,"Molecular Weight:176.16900
Density:1.303g/cm3
Boiling Point:342.7ºC at 760mmHg
Melting Point:N/A",31457-07-5
(2-PHENOXYETHYLTHIO)ACETICACIDHYDRAZIDE,C14H11NO,"Molecular Weight:209.24300
Density:1.203g/cm3
Boiling Point:397.163ºC at 760 mmHg
Melting Point:N/A",77083-99-9
"7-methoxy-2,3-dimethyl-4-nitro-1-benzofuran",C11H11NO4,"Molecular Weight:221.20900
Density:1.265g/cm3
Boiling Point:373.8ºC at 760mmHg
Melting Point:N/A",15868-62-9
3-methyl-1-benzofuran-5-carboxylic acid,C10H8O3,"Molecular Weight:176.16900
Density:1.303g/cm3
Boiling Point:346ºC at 760 mmHg
Melting Point:N/A",501892-99-5
"2,3-dimethyl-1-benzofuran-5-carboxylic acid",C11H10O3,"Molecular Weight:190.19500
Density:1.256g/cm3
Boiling Point:368.7ºC at 760mmHg
Melting Point:N/A",3781-93-9
N-(2-chloro-1-benzofuran-3-yl)acetamide,C10H8ClNO2,"Molecular Weight:209.62900
Density:1.384g/cm3
Boiling Point:391.2ºC at 760 mmHg
Melting Point:N/A",67382-11-0
2-Oxo-7-indolinecarboxylic acid,C9H7NO3,"Molecular Weight:177.157
Density:1.4±0.1 g/cm3
Boiling Point:445.0±45.0 °C at 760 mmHg
Melting Point:N/A",25369-43-1
ethyl 2-(methylcarbamoyl)pyridine-4-carboxylate,C10H12N2O3,"Molecular Weight:208.21400
Density:1.173g/cm3
Boiling Point:371.4ºC at 760mmHg
Melting Point:N/A",332013-42-0
"2,4,6-Trimethoxy-5-nitropyrimidine",C7H9N3O5,"Molecular Weight:215.16300
Density:1.347g/cm3
Boiling Point:407.959ºC at 760 mmHg
Melting Point:N/A",83356-02-9
6-Chloro-2-cyano-3-nitropyridine,C6H2ClN3O2,"Molecular Weight:183.552
Density:1.6±0.1 g/cm3
Boiling Point:347.2±42.0 °C at 760 mmHg
Melting Point:N/A",93683-65-9
dehydro-ar-ionene,C13H16,"Molecular Weight:172.266
Density:0.9±0.1 g/cm3
Boiling Point:242.2±30.0 °C at 760 mmHg
Melting Point:N/A",30364-38-6
"(-)-(1S,4R)-N-FMOC-4-AMINOCYCLOPENT-2-ENECARBOXYLICACID",C11H17NO2,"Molecular Weight:195.25800
Density:N/A
Boiling Point:N/A
Melting Point:N/A",137588-59-1
2-DIMETHYLAMINO-7-NITROFLUORENE,C15H14N2O2,"Molecular Weight:254.28400
Density:1.283g/cm3
Boiling Point:440.1ºC at 760mmHg
Melting Point:N/A",19221-04-6
1-METHYL-5-NITROINDOLINE,C9H10N2O2,"Molecular Weight:178.18800
Density:1.259g/cm3
Boiling Point:334.7ºC at 760mmHg
Melting Point:N/A",18711-25-6
ETHYL 5-CYANONICOTINATE,C9H8N2O2,"Molecular Weight:176.17200
Density:1.21g/cm3
Boiling Point:283.8ºC at 760mmHg
Melting Point:N/A",90417-31-5
6-(Trifluoromethyl)picolinic acid,C7H4F3NO2,"Molecular Weight:191.107
Density:1.5±0.1 g/cm3
Boiling Point:263.0±40.0 °C at 760 mmHg
Melting Point:154-158 °C",131747-42-7
4-N-PROPYLPYRIDINE-2-CARBOXYLIC ACID,C9H11NO2,"Molecular Weight:165.18900
Density:1.143g/cm3
Boiling Point:327.5ºC at 760 mmHg
Melting Point:N/A",87999-87-9
4-butylpyridine-2-carboxylic acid,C10H13NO2,"Molecular Weight:179.21600
Density:1.113 g/cm3
Boiling Point:338.6ºC at 760 mmHg
Melting Point:N/A",83282-39-7
4-(4-MORPHOLINYL)-PICOLINIC ACID,C10H12N2O3,"Molecular Weight:208.21400
Density:1.313g/cm3
Boiling Point:454.1ºC at 760 mmHg
Melting Point:N/A",66933-68-4
"3,5-Dibromopicolinic acid",C6H3Br2NO2,"Molecular Weight:280.901
Density:2.2±0.1 g/cm3
Boiling Point:337.6±42.0 °C at 760 mmHg
Melting Point:N/A",61830-40-8
4-tert-butylpyridine-2-carboxylic acid,C10H13NO2,"Molecular Weight:179.21600
Density:1.107g/cm3
Boiling Point:321.3ºC at 760 mmHg
Melting Point:N/A",42205-74-3
4-Methoxy-2-pyridinecarboxylic acid,C7H7NO3,"Molecular Weight:153.135
Density:1.3±0.1 g/cm3
Boiling Point:331.0±22.0 °C at 760 mmHg
Melting Point:197-198ºC",29082-91-5
"2-Propenoic acid,3-cyclohexyl-, methyl ester",C10H16O2,"Molecular Weight:168.23300
Density:1.036g/cm3
Boiling Point:227.1ºC at 760 mmHg
Melting Point:N/A",705-95-3
6-Chloro-9-methyl-9H-purine,C6H5ClN4,"Molecular Weight:168.584
Density:1.6±0.1 g/cm3
Boiling Point:321.7±45.0 °C at 760 mmHg
Melting Point:129-134ºC",2346-74-9
"4-(ACETYLAMINO)-6-NITRO-1,3-BENZENEDICARBOXYLIC ACID",C10H8N2O7,"Molecular Weight:268.18000
Density:1.682g/cm3
Boiling Point:586.5ºC at 760 mmHg
Melting Point:N/A",342045-62-9
"4(3H)-Pyrimidinone,2-amino-6-(diethoxymethyl)-",C9H15N3O3,"Molecular Weight:213.23400
Density:1.3g/cm3
Boiling Point:318.3ºC at 760 mmHg
Melting Point:N/A",78711-26-9
2-(dimethylamino)-4(1h)-pyrimidinone,C6H9N3O,"Molecular Weight:139.15500
Density:1.19g/cm3
Boiling Point:286.5ºC at 760mmHg
Melting Point:N/A",1635-28-5
"2,6-difluoro-5-methylpyrimidin-4-amine",C5H5F2N3,"Molecular Weight:145.11000
Density:1.41g/cm3
Boiling Point:322.7ºC at 760mmHg
Melting Point:N/A",18260-66-7
"2(1H)-Pyrimidinone,4-amino-6-fluoro-",C4H4FN3O,"Molecular Weight:129.09200
Density:1.73g/cm3
Boiling Point:N/A
Melting Point:N/A",2193-47-7
"(2,4-Dimethyl-thiazol-5-yl)acetic acid",C7H9NO2S,"Molecular Weight:171.21700
Density:1.295g/cm3
Boiling Point:320.5ºC at 760mmHg
Melting Point:N/A",34272-65-6
"1-(2-[(2-PYRIDYLSULFONYL)METHYL]-1,3-THIAZOL-4-YL)ETHAN-1-ONE",C9H20N2,"Molecular Weight:156.26800
Density:N/A
Boiling Point:215.4ºC at 760mmHg
Melting Point:N/A",54151-73-4
"1-(3,4-Dihydro-2H-pyrrol-5-yl)ethanone",C6H9NO,"Molecular Weight:111.14200
Density:1.09g/cm3
Boiling Point:182.9ºC at 760 mmHg
Melting Point:N/A",85213-22-5
"2-acetyl-3,4,5,6-tetrahydropyridine",C7H11NO,"Molecular Weight:125.16800
Density:1.06g/cm3
Boiling Point:204.9ºC at 760 mmHg
Melting Point:N/A",27300-27-2
AKT inhibitor VIII,C34H29N7O,"Molecular Weight:551.640
Density:1.4±0.1 g/cm3
Boiling Point:N/A
Melting Point:242-245ºC (dec.)",612847-09-3
Albaconazole,C20H16ClF2N5O2,"Molecular Weight:431.823
Density:1.5±0.1 g/cm3
Boiling Point:658.9±65.0 °C at 760 mmHg
Melting Point:124-126°C",187949-02-6
Althiazide,C11H14ClN3O4S3,"Molecular Weight:383.89500
Density:1.502g/cm3
Boiling Point:625.8ºC at 760mmHg
Melting Point:206-207°",5588-16-9
"4H-Pyrrolo[2,3-d]pyrimidin-4-one,1,2,3,7-tetrahydro-2-thioxo-",C6H5N3OS,"Molecular Weight:167.18800
Density:1.65g/cm3
Boiling Point:N/A
Melting Point:N/A",67831-84-9
1-cyclopropyl-6-fluoro-7-piperazin-1-ylquinolin-4-one,C16H18FN3O,"Molecular Weight:287.33200
Density:1.327g/cm3
Boiling Point:496.641ºC at 760 mmHg
Melting Point:N/A",105394-83-0
dechlorane 602,C14H4Cl12O,"Molecular Weight:613.61700
Density:2.04g/cm3
Boiling Point:552.3ºC at 760mmHg
Melting Point:N/A",31107-44-5
Dechlorane 604 Component A,C13H4Br4Cl6,"Molecular Weight:692.505
Density:2.5±0.1 g/cm3
Boiling Point:526.4±50.0 °C at 760 mmHg
Melting Point:N/A",34571-16-9
"6-Isoquinolinol,1-[(3,4-dimethoxyphenyl)methyl]-7-methoxy-",C19H19NO4,"Molecular Weight:325.35800
Density:1.25g/cm3
Boiling Point:553.7ºC at 760mmHg
Melting Point:165-167ºC",18813-63-3
deoxyartemisinin,C15H22O4,"Molecular Weight:266.333
Density:1.2±0.1 g/cm3
Boiling Point:387.9±37.0 °C at 760 mmHg
Melting Point:104-106ºC",72826-63-2
Deoxybenzoin Oxime,C14H13NO,"Molecular Weight:211.25900
Density:N/A
Boiling Point:N/A
Melting Point:N/A",26306-06-9
Neophytadiene,C20H38,"Molecular Weight:278.51600
Density:0.796g/cm3
Boiling Point:344.5ºC at 760mmHg
Melting Point:N/A",504-96-1
Neo Spiramycin I,C36H62N2O11,"Molecular Weight:698.88400
Density:1.18g/cm3
Boiling Point:823.6ºC at 760mmHg
Melting Point:N/A",70253-62-2
4-Nitrofluorescein,C20H11NO7,"Molecular Weight:377.304
Density:1.7±0.1 g/cm3
Boiling Point:694.9±55.0 °C at 760 mmHg
Melting Point:>300ºC",3326-35-0
"3',6'-Bis(acetyloxy)-6-nitrospiro[isobenzofuran-1(3H),9'-[9H]xanthen]-3-one",C24H15NO9,"Molecular Weight:461.37700
Density:N/A
Boiling Point:N/A
Melting Point:N/A",53299-21-1
4-[2-(Methyl-2-pyridinyl)amino]ethoxyl nitrobenzene,C14H15N3O3,"Molecular Weight:273.28700
Density:1.27 g/cm3
Boiling Point:494.638ºC at 760 mmHg
Melting Point:N/A",329249-47-0
"(5S)-2,2,3-TRIMETHYL-5-PHENYLMETHYL-4-IMIDAZOLIDINONEMONOHYDROCHLORIDE",C13H19ClN2O,"Molecular Weight:254.75600
Density:N/A
Boiling Point:351ºC at 760 mmHg
Melting Point:157-161ºC(lit.)",278173-23-2
"Bis(7-methyloctyl) cyclohexane-1,2-dicarboxylate",C26H46O4--,"Molecular Weight:424.657
Density:1.0±0.1 g/cm3
Boiling Point:489.6±20.0 °C at 760 mmHg
Melting Point:N/A",166412-78-8
"Naphtho[1,2-d]thiazole-2-carbonitrile (9CI)",C12H6N2S,"Molecular Weight:210.25400
Density:1.39
Boiling Point:403.254ºC at 760 mmHg
Melting Point:N/A",39785-46-1
"1,2,3-Trimethyl-3H-benzo[e]indole",C15H15N,"Molecular Weight:209.286
Density:1.1±0.1 g/cm3
Boiling Point:388.8±11.0 °C at 760 mmHg
Melting Point:178-180ºC",881219-73-4
6-chloro-4-methoxyquinoline,C10H8ClNO,"Molecular Weight:193.63000
Density:1.267
Boiling Point:282ºC
Melting Point:N/A",676262-10-5
(1S)-2-(tert-butylamino)-1-phenylethanol,C12H19NO,"Molecular Weight:193.28500
Density:0.989g/cm3
Boiling Point:284ºC at 760mmHg
Melting Point:105-108ºC(lit.)",14467-32-4
2-azido-N-benzyl-7H-purin-6-amine,C13H10N8,"Molecular Weight:278.27200
Density:N/A
Boiling Point:N/A
Melting Point:N/A",61716-00-5
"5-O-benzyl 3-O-ethyl 2-(chloromethyl)-4-(2,4-dichlorophenyl)-6-methylpyridine-3,5-dicarboxylate",C24H20Cl3NO4,"Molecular Weight:492.77900
Density:1.336 g/cm3
Boiling Point:587.1ºC at 760 mmHg
Melting Point:N/A",915296-81-0
2-hydroxy-3-(2-methoxyphenoxy)propanoic acid,C10H12O5,"Molecular Weight:212.19900
Density:1.302 g/cm3
Boiling Point:355.8ºC at 760mmHg
Melting Point:N/A",13057-65-3
"N,N'-[[5-[2-Amino-5-(2,2-dimethyl-1-oxopropyl)-4-thiazolyl]-2-furanyl]phosphinylidene]bis[2-methylalanine] diethyl ester",C24H37N4O7PS,"Molecular Weight:556.61
Density:1.26
Boiling Point:N/A
Melting Point:N/A",882757-24-6
"1,4-Phenylenebis[(4-fluorophenyl)methanone]",C20H12F2O2,"Molecular Weight:322.305
Density:1.3±0.1 g/cm3
Boiling Point:468.5±40.0 °C at 760 mmHg
Melting Point:N/A",68418-51-9
BUTTPARK 89\09-89,C10H8FNO,"Molecular Weight:177.17500
Density:1.221
Boiling Point:250ºC
Melting Point:N/A",61293-17-2
"2-(3-methoxy-2-propoxy-5-((2S,5S)-5-(3,4,5-trimethoxyphenyl)tetrahydrofuran-2-yl)phenylsulfonyl)ethanol",C31H48O9SSi,"Molecular Weight:624.85800
Density:1.114g/cm3
Boiling Point:683.572ºC at 760 mmHg
Melting Point:N/A",140705-14-2
tert-Butyl methylsulfonylcarbamate,C6H13NO4S,"Molecular Weight:195.237
Density:1.2±0.1 g/cm3
Boiling Point:N/A
Melting Point:N/A",147751-16-4
Desmethyl amolodipine,C19H23ClN2O5,"Molecular Weight:394.84900
Density:1.283
Boiling Point:N/A
Melting Point:168-170ºC",113994-37-9
BUTTPARK 89\01-88,C10H8BrNO,"Molecular Weight:238.08100
Density:1.516
Boiling Point:N/A
Melting Point:N/A",874831-36-4
"1,3-Adamantanediol dimethacrylate",C18H24O4,"Molecular Weight:304.38100
Density:1.139 g/cm3
Boiling Point:374.528ºC at 760 mmHg
Melting Point:N/A",122066-43-7
"Diethyl pyridine-2,3-dicarboxylate",C11H13NO4,"Molecular Weight:223.22500
Density:1.165 g/cm3
Boiling Point:295.8ºC at 760 mmHg
Melting Point:N/A",2050-22-8
"Acetanilide, 2-acetyl-",C10H11NO2,"Molecular Weight:177.200
Density:1.1±0.1 g/cm3
Boiling Point:367.4±25.0 °C at 760 mmHg
Melting Point:N/A",5234-26-4
Butralin,C14H21N3O4,"Molecular Weight:295.334
Density:1.2±0.1 g/cm3
Boiling Point:381.3±42.0 °C at 760 mmHg
Melting Point:61ºC",33629-47-9
Flunarizine,C26H26F2N2,"Molecular Weight:404.49500
Density:1.17 g/cm3
Boiling Point:511.3ºC at 760 mmHg
Melting Point:N/A",52468-60-7
"5-(2,6-dichlorophenyl)-1h-tetrazole",C7H4Cl2N4,"Molecular Weight:215.03900
Density:1.574g/cm3
Boiling Point:399.9ºC at 760 mmHg
Melting Point:202-204°C",50907-31-8
Flupentixol,C23H25F3N2OS,"Molecular Weight:434.51800
Density:1.306g/cm3
Boiling Point:554.7ºC at 760mmHg
Melting Point:N/A",2709-56-0
primisulfuron-methyl,C15H12F4N4O7S,"Molecular Weight:468.33700
Density:1.582g/cm3
Boiling Point:N/A
Melting Point:203.1ºC",86209-51-0
methoxyfenozide,C22H28N2O3,"Molecular Weight:368.469
Density:1.1±0.1 g/cm3
Boiling Point:530.3±60.0 °C at 760 mmHg
Melting Point:204-205ºC",161050-58-4
"6-Benzyl-4-chloro-4,5,6,7-tetrahydro-3H-pyrrolo[3,4-d]pyrimidine hydrochloride",C13H15Cl2N3,"Molecular Weight:284.18400
Density:N/A
Boiling Point:N/A
Melting Point:N/A",1190927-80-0
Benzylthioacetate,C9H10OS,"Molecular Weight:166.24000
Density:N/A
Boiling Point:N/A
Melting Point:N/A",32362-99-5
"Ethyl 4-chloropyrrolo[2,1-f][1,2,4]triazine-2-carboxylate",C9H8ClN3O2,"Molecular Weight:225.632
Density:1.5±0.1 g/cm3
Boiling Point:N/A
Melting Point:N/A",1120214-92-7
"Ethyl 5,6,7,8-tetrahydro-[1,2,4]triazolo[4,3-a]pyrazine-3-carboxylate hydrochloride",C8H13ClN4O2,"Molecular Weight:232.667
Density:N/A
Boiling Point:N/A
Melting Point:N/A",1187830-58-5
"2,3-Dihydro-5-methyl-4-[(2-methyl-3-furanyl)dithio]furan",C10H12O2S2,"Molecular Weight:228.33100
Density:1.27 g/cm3
Boiling Point:291.8ºC at 760 mmHg
Melting Point:N/A",91265-97-3
"3-Methylpentane-1,3,5-triol",C6H14O3,"Molecular Weight:134.17400
Density:1.112 g/mL at 25ºC(lit.)
Boiling Point:216ºC0.5 mm Hg(lit.)
Melting Point:N/A",7564-64-9
"4,6-DIMETHYL-2-PIPERAZIN-1-YL-PYRIMIDINE",C11H17N3,"Molecular Weight:191.27300
Density:1.046g/cm3
Boiling Point:294.9ºC at 760 mmHg
Melting Point:N/A",247118-06-5
2-Pyridinecarbohydrazide,C6H7N3O,"Molecular Weight:137.139
Density:1.2±0.1 g/cm3
Boiling Point:N/A
Melting Point:100°C",1452-63-7
2-[4-(chloromethyl)phenyl]-5-(trifluoromethyl)pyridine,C13H9ClF3N,"Molecular Weight:271.66500
Density:1.299g/cm3
Boiling Point:327.876ºC at 760 mmHg
Melting Point:77-78ºC",613239-76-2
diphenyl(trimethylstannylmethyl)silane,C16H22SiSn,"Molecular Weight:361.13200
Density:N/A
Boiling Point:125-130ºC
Melting Point:N/A",149013-84-3
"3,3-DICHLORO-2-METHOXYTETRAHYDROFURAN 98",C5H8Cl2O2,"Molecular Weight:171.02200
Density:N/A
Boiling Point:64ºC/11mmHg
Melting Point:N/A",128538-82-9
"2,2-DI-N-OCTYL-1,3-PROPANEDIOL",C19H40O2,"Molecular Weight:300.52000
Density:0.891g/cm3
Boiling Point:424.3ºC at 760 mmHg
Melting Point:N/A",106868-09-1
4-Acetamidopicolinic acid,C8H8N2O3,"Molecular Weight:180.16100
Density:N/A
Boiling Point:N/A
Melting Point:N/A",84487-16-1
N-METHYL-N-[[5-(PYRIDIN-3-YLOXY)-2-FURYL]METHYL]AMINE,C11H12N2O2,"Molecular Weight:204.22500
Density:1.149g/cm3
Boiling Point:308ºC at 760 mmHg
Melting Point:N/A",859850-77-4
"N-methyl-1-(2-morpholin-4-yl-1,3-thiazol-4-yl)methanamine",C9H15N3OS,"Molecular Weight:213.30000
Density:1.204g/cm3
Boiling Point:347.6ºC at 760 mmHg
Melting Point:N/A",915707-64-1
N-Methyl-4-[5-(trifluoromethyl)pyridin-2-yl]benzylamine,C14H13F3N2,"Molecular Weight:266.26200
Density:N/A
Boiling Point:N/A
Melting Point:89-90.5ºC",884507-35-1
3-(Dimethoxymethyl)-1H-pyrazole,C6H10N2O2,"Molecular Weight:142.15600
Density:1.148g/cm3
Boiling Point:224.5ºC at 760mmHg
Melting Point:N/A",111573-59-2
"(s)-(+)-[(r)-2-dicyclohexylphosphinoferrocenyl](n,n-dimethylamino)(2-dicyclohexylphosphinophenyl)methane",C43H63FeNP2,"Molecular Weight:711.76000
Density:N/A
Boiling Point:N/A
Melting Point:N/A",914089-00-2
"2,3-dihydrothieno[3,4-b][1,4]dioxine-5-carbonitrile",C7H5NO2S,"Molecular Weight:167.18500
Density:1.43g/cm3
Boiling Point:297.8ºC at 760 mmHg
Melting Point:70ºC",859851-02-8
3-AZEPAN-1-YL-PROPIONIC ACID,C9H17NO2,"Molecular Weight:171.23700
Density:1.044g/cm3
Boiling Point:298.4ºC at 760 mmHg
Melting Point:N/A",730996-05-1
"2-Chloromethyl-6-methyl-3H-thieno[2,3-d]pyrimidin-4-one",C8H7ClN2OS,"Molecular Weight:214.67200
Density:1.6g/cm3
Boiling Point:N/A
Melting Point:N/A",878699-59-3
3-(4-METHOXY-PHENOXY)-PROPYL]-METHYL-AMINE,C10H10O2,"Molecular Weight:162.18500
Density:N/A
Boiling Point:N/A
Melting Point:N/A",55745-97-6
"N,N-Dimethyl-3,5-dinitroaniline",C8H9N3O4,"Molecular Weight:211.17500
Density:1.397g/cm3
Boiling Point:342.848ºC at 760 mmHg
Melting Point:N/A",46429-76-9
"1H-Pyrido[4,3-b]indole,2,3,4,5-tetrahydro-2-methyl-",C12H14N2,"Molecular Weight:186.25300
Density:1.165g/cm3
Boiling Point:326.4ºC at 760 mmHg
Melting Point:172 °C",5094-12-2
"2,5-dimethyl-1-(4-methylpyridin-2-yl)pyrrole-3-carbaldehyde",C13H14N2O,"Molecular Weight:214.26300
Density:1.09g/cm3
Boiling Point:392.5ºC at 760 mmHg
Melting Point:N/A",445428-51-3
4-pyridinylmethylguanidine,C7H10N4,"Molecular Weight:150.18100
Density:1.25g/cm3
Boiling Point:304.6ºC at 760 mmHg
Melting Point:N/A",45957-41-3
(6-phenylpyridin-3-yl)methanol,C12H11NO,"Molecular Weight:185.22200
Density:N/A
Boiling Point:N/A
Melting Point:N/A",4634-09-7
2-MORPHOLIN-4-YL-2-PYRIDIN-2-YLETHANAMINE,C12H18N2O,"Molecular Weight:206.28400
Density:N/A
Boiling Point:N/A
Melting Point:N/A",934570-59-9
"2,6-Bis[(2-hydroxy-5-methylphenyl)methyl]-4-methylphenol",C23H24O3,"Molecular Weight:348.43500
Density:1.191g/cm3
Boiling Point:533.7ºC at 760mmHg
Melting Point:214ºC",1620-68-4
"Benzenesulfonic acid,5-chloro-3-[2-(2,4-dihydroxyphenyl)diazenyl]-2-hydroxy-",C12H9ClN2O6S,"Molecular Weight:344.72800
Density:1.75g/cm3
Boiling Point:N/A
Melting Point:N/A",4386-25-8
N-(5-AMINO-2-METHOXYPHENYL)BENZAMIDE,C14H14N2O,"Molecular Weight:226.27400
Density:1.21g/cm3
Boiling Point:339.1ºC at 760 mmHg
Melting Point:N/A",14315-26-5
"sodium,2-chloro-4-[(4-oxocyclohexa-2,5-dien-1-ylidene)amino]phenolate",C12H7ClNNaO2,"Molecular Weight:255.63200
Density:N/A
Boiling Point:N/A
Melting Point:N/A",41350-02-1
4-[2-(bromomethyl)phenoxy]oxane,C12H15BrO2,"Molecular Weight:271.15000
Density:1.38g/cm3
Boiling Point:344.2ºC at 760 mmHg
Melting Point:N/A",906352-69-0
"Diallyl 1,4-cyclohexanedicarboxylate",C14H20O4,"Molecular Weight:252.306
Density:1.1±0.1 g/cm3
Boiling Point:330.6±27.0 °C at 760 mmHg
Melting Point:N/A",20306-22-3
3-(4-BROMO-PYRAZOL-1-YL)-2-METHYL-PROPIONIC ACID METHYL ESTER,C8H11BrN2O2,"Molecular Weight:247.089
Density:1.5±0.1 g/cm3
Boiling Point:313.2±22.0 °C at 760 mmHg
Melting Point:N/A",1005615-47-3
"1,3,3-TRIMETHYLINDOLINO-6'-BROMOBENZOPYRYLOSPIRAN",C19H18BrNO,"Molecular Weight:356.25600
Density:1.44g/cm3
Boiling Point:450.8ºC at 760 mmHg
Melting Point:N/A",16650-14-9
2-(2-METHYLTHIAZOL-4-YL)ETHANAMINE,C6H10N2S,"Molecular Weight:142.22200
Density:1.138g/cm3
Boiling Point:236.3ºC at 760mmHg
Melting Point:N/A",165115-15-1
"3,5-bis(tert-butyldiphenylsilyloxy)benzyl alcohol",C39H44O3Si2,"Molecular Weight:616.936
Density:1.1±0.1 g/cm3
Boiling Point:631.6±55.0 °C at 760 mmHg
Melting Point:108ºC",182250-70-0
"(1R,2R)-1,2-BIS(4-NITROPHENYL)ETHANE-1,2-DIAMINE DIHYDROCHLORIDE",C14H16Cl2N4O4,"Molecular Weight:375.20700
Density:N/A
Boiling Point:N/A
Melting Point:N/A",117903-79-4
"Pyridazine,3-chloro-6-(1-methylethoxy)-",C7H9ClN2O,"Molecular Weight:172.61200
Density:1.188g/cm3
Boiling Point:295.2ºC at 760 mmHg
Melting Point:N/A",3184-71-2
Tris(4-methylphenyl)sulfonium hexafluorophosphate,C21H21F6PS,"Molecular Weight:450.42100
Density:N/A
Boiling Point:N/A
Melting Point:171 °C",146062-15-9
4-(cycloheptylamino)-4-oxobutanoic acid,C11H19NO3,"Molecular Weight:213.27300
Density:1.11g/cm3
Boiling Point:449.8ºC at 760 mmHg
Melting Point:N/A",545349-11-9
t-2-(3-(4-t-bu.-phenyl)-2-me-2-propenyl&,C17H18N2,"Molecular Weight:250.338
Density:1.0±0.1 g/cm3
Boiling Point:392.5±37.0 °C at 760 mmHg
Melting Point:123-126ºC",300364-84-5
"5-Methyl-2,3-diphenyl-2H-tetrazol-3-ium chloride",C14H13ClN4,"Molecular Weight:272.733
Density:N/A
Boiling Point:N/A
Melting Point:N/A",6275-01-0
5-Morpholinothiophene-2-carboxylic acid,C9H11NO3S,"Molecular Weight:213.25400
Density:1.377g/cm3
Boiling Point:437.9ºC at 760 mmHg
Melting Point:135ºC",332345-27-4
2-((2-(2-(DIMETHYLAMINO)ETHOXY)ETHYL) METHYLAMINO)ETHANOL,C9H22N2O2,"Molecular Weight:190.28300
Density:0.95
Boiling Point:254-259ºC(lit.)
Melting Point:N/A",83016-70-0
(tetrahydro-2H-pyran-2-ylmethoxy)acetic acid,C8H14O4,"Molecular Weight:174.19400
Density:1.141g/cm3
Boiling Point:342.6ºC at 760 mmHg
Melting Point:N/A",876716-61-9
"(S)-(+)-[(S)-2-Diphenylphosphinoferrocenyl] (N,N-dimethylamino) (2-diphenylphosphinophenyl)methane",C43H39FeNP2,"Molecular Weight:687.56900
Density:N/A
Boiling Point:N/A
Melting Point:N/A",850444-36-9
2-(ETHYLSULFONYL)ETHANAMINE,C4H11NO2S,"Molecular Weight:137.20100
Density:1.15g/cm3
Boiling Point:304.4ºC at 760 mmHg
Melting Point:N/A",173336-82-8
ART-CHEM-BB B014651,C15H17NO3S,"Molecular Weight:291.36500
Density:1.208g/cm3
Boiling Point:420ºC at 760 mmHg
Melting Point:N/A",351158-36-6
"4-methyl-2-phenyl-1,3-oxazole-5-carboxylic acid",C11H9NO3,"Molecular Weight:203.19400
Density:N/A
Boiling Point:N/A
Melting Point:N/A",91137-55-2
Tritetradecyl borate,C42H87BO3,"Molecular Weight:650.949
Density:0.9±0.1 g/cm3
Boiling Point:569.4±18.0 °C at 760 mmHg
Melting Point:N/A",23162-15-4
"2-Amino-4-isopropylamino-6-methoxy-1,3,5-triazine",C7H13N5O,"Molecular Weight:183.21100
Density:1.235 g/cm3
Boiling Point:364.1ºC at 760 mmHg
Melting Point:115-117ºC",82020-90-4
"3-(3,4-DICHLOROPHENYL)-1-(4-FLUOROBENZYL)-1-METHOXYUREA",C15H13Cl2FN2O2,"Molecular Weight:343.18000
Density:1.421g/cm3
Boiling Point:N/A
Melting Point:N/A",149282-22-4
"6-Isopropoxy-1,3,5-triazine-2,4-diamine",C6H11N5O,"Molecular Weight:169.184
Density:1.3±0.1 g/cm3
Boiling Point:401.1±28.0 °C at 760 mmHg
Melting Point:172ºC",24860-40-0
2-amino-4-chloro-N-methylbenzamide(SALTDATA: FREE),C8H9ClN2O,"Molecular Weight:184.62300
Density:1.282g/cm3
Boiling Point:353.007ºC at 760 mmHg
Melting Point:N/A",104775-66-8
[6-(oxan-4-yloxy)pyridin-3-yl]methanol,C11H15NO3,"Molecular Weight:209.24200
Density:1.202g/cm3
Boiling Point:370.8ºC at 760 mmHg
Melting Point:99-101ºC",906352-79-2
"Ethanamine,2-[[(2-chlorophenyl)methyl]thio]-",C9H12ClNS,"Molecular Weight:201.71600
Density:1.198g/cm3
Boiling Point:160ºC
Melting Point:N/A",42416-23-9
(4-bromothiophen-3-yl)methanol,C5H5BrOS,"Molecular Weight:193.06200
Density:1.772g/cm3
Boiling Point:269.9ºC at 760 mmHg
Melting Point:53-53.5ºC",70260-05-8
7-AZABICYCLO[4.2.0]OCTAN-8-ONE,C7H11NO,"Molecular Weight:125.16800
Density:1.083g/cm3
Boiling Point:297.4ºC at 760mmHg
Melting Point:N/A",34102-49-3
N-Methyl-3-phenoxy-1-propanamine,C10H15NO,"Molecular Weight:165.232
Density:1.0±0.1 g/cm3
Boiling Point:261.4±23.0 °C at 760 mmHg
Melting Point:N/A",132424-10-3
2-Bromo-6-methyl-4-nitropyridine 1-oxide,C6H5BrN2O3,"Molecular Weight:233.020
Density:1.9±0.1 g/cm3
Boiling Point:440.6±40.0 °C at 760 mmHg
Melting Point:N/A",60323-99-1
4-(11-Hydroxyundecyloxy)benzaldehyde,C18H28O3,"Molecular Weight:292.41300
Density:N/A
Boiling Point:N/A
Melting Point:64ºC",124389-14-6
"3-benzylpentane-2,4-dione",C12H14O2,"Molecular Weight:190.23800
Density:1.04g/cm3
Boiling Point:285.3ºC at 760mmHg
Melting Point:N/A",1134-87-8
DL-Serine ethyl ester hydrochloride,C5H12ClNO3,"Molecular Weight:169.60700
Density:1.146g/cm3
Boiling Point:247.9ºC at 760mmHg
Melting Point:98ºC",3940-27-0
Dimethylphenylsilylacetic acid,C10H14O2Si,"Molecular Weight:194.30200
Density:1.04g/cm3
Boiling Point:298.4ºC at 760 mmHg
Melting Point:N/A",17887-62-6
n-Octyl Acetoacetate,C12H22O3,"Molecular Weight:214.30100
Density:0.943g/cm3
Boiling Point:258.8ºC at 760mmHg
Melting Point:N/A",16436-00-3
methylstilbene,C15H14,"Molecular Weight:194.272
Density:1.0±0.1 g/cm3
Boiling Point:301.8±17.0 °C at 760 mmHg
Melting Point:33 °C",74685-42-0
"2,2-DIMETHYL-2,3-DIHYDRO-1-BENZOFURAN-7-YL ISOCYANATE",C11H11NO2,"Molecular Weight:189.21100
Density:1.14g/cm3
Boiling Point:283.3ºC at 760 mmHg
Melting Point:N/A",87254-55-5
(+)-Dichloro[(4R)-4-(i-propyl)-2-{(R)-2-(diphenylphosphino)ferrocenyl}oxazoline](triphenylphosphine)ruthenium(II),C46H43Cl2FeNOP2Ru,"Molecular Weight:915.60800
Density:N/A
Boiling Point:N/A
Melting Point:N/A",849921-25-1
1-(2-FURYLMETHYL)-5-OXOPYRROLIDINE-3-CARBOXYLICACID,C10H12O4,"Molecular Weight:196.20000
Density:1.172g/cm3
Boiling Point:304.5ºC at 760mmHg
Melting Point:49ºC",52099-27-1
"Benzene,1,1'-(thiodiethylidene)bis- (9CI)",C16H18S,"Molecular Weight:242.37900
Density:1.047g/cm3
Boiling Point:332.3ºC at 760 mmHg
Melting Point:N/A",838-59-5
1-Methylindoline-5-Carboxylic Acid,C10H11NO2,"Molecular Weight:177.20000
Density:1.246g/cm3
Boiling Point:375.6ºC at 760mmHg
Melting Point:220.5-230ºC",380922-37-2
"3-(3,5-dimethylpiperidin-1-yl)propan-1-ol",C10H21NO,"Molecular Weight:171.28000
Density:0.905g/cm3
Boiling Point:258.1ºC at 760 mmHg
Melting Point:N/A",110514-23-3
Dichloro(3-isocyanatopropyl)methylsilane,C5H9Cl2NOSi,"Molecular Weight:198.123
Density:1.2±0.1 g/cm3
Boiling Point:206.4±23.0 °C at 760 mmHg
Melting Point:N/A",17070-69-8
"[1,3-Bis(2,6-diisopropylphenyl)imidazol-2-ylidene]triphenylphosphine Nickel(II) Dichloride",C45H51Cl2N2NiP,"Molecular Weight:780.473
Density:N/A
Boiling Point:N/A
Melting Point:N/A",903592-98-3
2-(chloromethyl)-5-methyl-3H-benzoimidazole,C9H9ClN2,"Molecular Weight:180.63400
Density:1.298g/cm3
Boiling Point:381.1ºC at 760 mmHg
Melting Point:N/A",80567-68-6
"N2-(5-Fluoro-2,4-dinitrophenyl)-D-leucinamide",C12H15FN4O5,"Molecular Weight:314.270
Density:1.4±0.1 g/cm3
Boiling Point:541.6±50.0 °C at 760 mmHg
Melting Point:170ºC",178065-30-0
"2-[4-(chloromethyl)phenyl]-1,3-thiazole",C10H8ClNS,"Molecular Weight:209.69500
Density:N/A
Boiling Point:N/A
Melting Point:N/A",906352-61-2
2-QUINOLIN-2-YL-1-(3-TRIFLUROMETHYLPHENYL)ETHANOL,C18H14F3NO,"Molecular Weight:317.30500
Density:N/A
Boiling Point:N/A
Melting Point:N/A",502625-52-7
3-amino-N-(4-fluorophenyl)benzamide,C13H11FN2O,"Molecular Weight:230.23800
Density:1.317g/cm3
Boiling Point:321.9ºC at 760 mmHg
Melting Point:N/A",251446-38-5
3-Bromo-5-methoxyaniline,C7H8BrNO,"Molecular Weight:202.048
Density:1.5±0.1 g/cm3
Boiling Point:285.8±20.0 °C at 760 mmHg
Melting Point:N/A",16618-68-1
3-(Benzyloxy)-2-bromopyridine,C12H10BrNO,"Molecular Weight:264.118
Density:1.4±0.1 g/cm3
Boiling Point:360.7±27.0 °C at 760 mmHg
Melting Point:N/A",132330-98-4
2-Trimethylsilyl-N-tert-butylacetaldimine,C9H21NSi,"Molecular Weight:171.35500
Density:N/A
Boiling Point:54ºC (12 mmHg)
Melting Point:N/A",73198-78-4
tert-butyl 3-(thiocarbamoyl)piperidine-1-carboxylate,C11H20N2O2S,"Molecular Weight:244.35400
Density:1.158g/cm3
Boiling Point:356ºC at 760mmHg
Melting Point:N/A",274682-80-3
[4-[4-(trifluoromethylsulfonyloxy)-3-trimethylsilylphenyl]-2-trimethylsilylphenyl] trifluoromethanesulfonate,C20H24F6O6S2Si2,"Molecular Weight:594.692
Density:1.4±0.1 g/cm3
Boiling Point:510.4±50.0 °C at 760 mmHg
Melting Point:118ºC",828282-80-0
BIS(METHYLENEDITHIO)TETRATHIAFULVALENE,C8H4S8,"Molecular Weight:356.63700
Density:2.01g/cm3
Boiling Point:536.658ºC at 760 mmHg
Melting Point:N/A",68550-20-9
4-CHLORO-6-METHYL-2-(1-PYRROLIDINYL)PYRIMIDINE,C9H12ClN3,"Molecular Weight:197.66500
Density:1.245g/cm3
Boiling Point:342.5ºC at 760 mmHg
Melting Point:N/A",53461-40-8
2-Methoxyethyl methanesulfonate TOP1 supplier,C4H10O4S,"Molecular Weight:154.18500
Density:1.25
Boiling Point:126ºC / 12mmHg
Melting Point:N/A",16427-44-4
Dimethyl 2-diazomalonate,C5H9N2O4+,"Molecular Weight:161.13600
Density:N/A
Boiling Point:N/A
Melting Point:N/A",6773-29-1
4-Bromo-5-methoxy-1-indanone,C10H9BrO2,"Molecular Weight:241.081
Density:1.6±0.1 g/cm3
Boiling Point:363.4±42.0 °C at 760 mmHg
Melting Point:N/A",436803-36-0
"1H-Indene,2,3-dihydro-5-methoxy-",C10H12O,"Molecular Weight:148.20200
Density:1.039g/cm3
Boiling Point:231.9ºC at 760mmHg
Melting Point:N/A",5111-69-3
"10,12-Pentacosadiyn-1-ol",C25H44O,"Molecular Weight:360.616
Density:0.9±0.1 g/cm3
Boiling Point:489.5±18.0 °C at 760 mmHg
Melting Point:60ºC",92266-90-5
"2,4-diisocyanato-1,3,5-trimethylbenzene",C11H10N2O2,"Molecular Weight:202.20900
Density:1.2107 (rough estimate)
Boiling Point:102ºC0.4 mm Hg(lit.)
Melting Point:57-60ºC(lit.)",16959-10-7
1-Benzyl-3-pyrrolidinone,C11H13NO,"Molecular Weight:175.227
Density:1.1±0.1 g/cm3
Boiling Point:343.0±21.0 °C at 760 mmHg
Melting Point:154 - 156ºC",5291-77-0
Emedastine,C17H26N4O,"Molecular Weight:302.414
Density:1.2±0.1 g/cm3
Boiling Point:446.6±55.0 °C at 760 mmHg
Melting Point:148-151ºC",87233-61-2
"3-(N,N-Dimethoxyethyl)amino-4-methoxyacetanilide",C15H24N2O4,"Molecular Weight:296.36200
Density:N/A
Boiling Point:N/A
Melting Point:N/A",24294-03-9
Disperse Red 72,C20H18N6O4,"Molecular Weight:406.39500
Density:1.27g/cm3
Boiling Point:654.7ºC at 760mmHg
Melting Point:N/A",12223-39-1
4-butan-2-yloxybutan-2-one,C8H16O2,"Molecular Weight:144.21100
Density:0.9 g/cm3
Boiling Point:189.5ºC at 760 mmHg
Melting Point:N/A",57545-63-8
"4-Sulfo-2,3,5,6-tetrafluorobenzoic Acid",C7H2F4O5S,"Molecular Weight:274.14600
Density:1.936g/cm3
Boiling Point:N/A
Melting Point:N/A",125662-60-4
4-Sulfothiacalix[4]arene Sodium Salt,C24H12Na4O12S8,"Molecular Weight:904.822
Density:N/A
Boiling Point:N/A
Melting Point:390ºC",211561-04-5
4-tert-Butyl-1-(ethoxycarbonylmethoxy)thiacalix[4]arene,C56H72O12S4,"Molecular Weight:1065.424
Density:1.2±0.1 g/cm3
Boiling Point:955.4±65.0 °C at 760 mmHg
Melting Point:N/A",210706-03-9
4-tert-Butylcalix[5]arene-crown-5-complex,C43H44O8,"Molecular Weight:688.80500
Density:N/A
Boiling Point:N/A
Melting Point:N/A",151412-40-7
4-TRANS-PHENYLCYCLOHEXANE-CIS-DICARBOXYLIC ACID,C14H16O4,"Molecular Weight:248.27400
Density:N/A
Boiling Point:476.2ºC at 760mmHg
Melting Point:185ºC",36299-64-6
Benzo[b]tellurophene-2-carboxylic acid,C9H6O2Te,"Molecular Weight:273.74300
Density:N/A
Boiling Point:N/A
Melting Point:208-212ºC",34595-48-7
C-BENZYLCALIX[4!RESORCINARENE,C56H48O8,"Molecular Weight:848.97600
Density:N/A
Boiling Point:N/A
Melting Point:N/A",168609-07-2
"Sulfuricacid, cerium salt, hydrate (9CI)",CeH2O9S2,"Molecular Weight:350.25600
Density:N/A
Boiling Point:N/A
Melting Point:N/A",123333-60-8
Chloromethyl(methyl)phosphinic Chloride,C2H5Cl2OP,"Molecular Weight:146.94000
Density:1.354g/cm3
Boiling Point:268.8ºC at 760mmHg
Melting Point:N/A",26350-26-5
Chloropentafluoroacetone Monohydrate,C3H2ClF5O2,"Molecular Weight:200.49200
Density:1.73 g/cm3
Boiling Point:40.6ºC at 760 mmHg
Melting Point:19ºC",6984-99-2
Cholesteryl 2-ethylhexanoate,C36H62O3,"Molecular Weight:542.87600
Density:0.97g/cm3
Boiling Point:561.8ºC at 760mmHg
Melting Point:N/A",41329-01-5
2-phenyl-3-(2-thienyl)acrylic acid,C13H10O2S,"Molecular Weight:230.28200
Density:1.303g/cm3
Boiling Point:343.7ºC at 760mmHg
Melting Point:184-186ºC",10569-35-4
N-undecylundecan-1-amine,C22H47N,"Molecular Weight:325.61500
Density:0.813g/cm3
Boiling Point:232ºC / 10mmHg
Melting Point:49ºC",16165-33-6
"N,N'-1,2-Phenylenebis-Acetamide",C10H12N2O2,"Molecular Weight:192.214
Density:1.235g/cm3
Boiling Point:464.418°C at 760 mmHg
Melting Point:183ºC",2050-85-3
(R)-BENZYL2-OXOOXETAN-3-YLCARBAMATE,C23H19O3P,"Molecular Weight:374.36900
Density:N/A
Boiling Point:N/A
Melting Point:N/A",557089-90-4
N-2-NITROPHENYLSULFENYL-L-LEUCINE,C12H16N2O4S,"Molecular Weight:284.33100
Density:1.305g/cm3
Boiling Point:450.255ºC at 760 mmHg
Melting Point:N/A",7685-67-8
1H-indol-7-amine,C8H8N2,"Molecular Weight:132.16300
Density:1.268g/cm3
Boiling Point:354ºC at 760mmHg
Melting Point:96-100 °C",5192-04-1
4-PENTYLBICYCLO[2.2.2]OCTAN-1-OL,C13H24O,"Molecular Weight:196.32900
Density:0.998±0.06 g/cm3 (20ºC 760 Torr)
Boiling Point:260.1±8.0ºC (760 Torr)
Melting Point:55-56ºC (cyclohexane )",76921-55-6
TERT-BUTYL3-((METHYLAMINO)METHYL)PIPERIDINE-1-CARBOXYLATE,C12H24N2O2,"Molecular Weight:228.33100
Density:0.988 g/cm3
Boiling Point:301ºC at 760 mmHg
Melting Point:N/A",1017356-25-0
1-(3-Fluoro-phenyl)-piperidin-4-one,C11H12FNO,"Molecular Weight:193.21700
Density:1.19 g/cm3
Boiling Point:327.269ºC at 760 mmHg
Melting Point:N/A",158553-31-2
(3-Amino-4-chlorophenyl)boronic acid,C6H7BClNO2,"Molecular Weight:171.389
Density:1.4±0.1 g/cm3
Boiling Point:372.9±52.0 °C at 760 mmHg
Melting Point:N/A",850689-36-0
"2,5-Diphenyl-3-(p-diphenyl)tetrazolium chloride",C25H19ClN4,"Molecular Weight:410.89800
Density:N/A
Boiling Point:N/A
Melting Point:N/A",77205-78-8
"3,5-Diphenyl-1-(4-phenylazophenyl)formazan",C25H20N6,"Molecular Weight:404.46700
Density:N/A
Boiling Point:N/A
Melting Point:N/A",77205-79-9
Tetrahydropyran-3-ylamine hydrochloride,C5H12ClNO,"Molecular Weight:137.60800
Density:N/A
Boiling Point:N/A
Melting Point:N/A",675112-58-0
"1,20-EICOSANEDIOL",C20H42O2,"Molecular Weight:314.54600
Density:0.889g/cm3
Boiling Point:431ºC at 760 mmHg
Melting Point:N/A",7735-43-5
"2,6-Dimethoxybenzenecarbothioamide",C9H11NO2S,"Molecular Weight:197.25400
Density:N/A
Boiling Point:N/A
Melting Point:184-186ºC",77378-18-8
(3-Ethylphenyl)boronic acid,C8H11BO2,"Molecular Weight:149.983
Density:1.1±0.1 g/cm3
Boiling Point:299.6±33.0 °C at 760 mmHg
Melting Point:102.5-107.5ºC",90555-65-0
"Benzoic acid,1,1-dimethylethyl ester",C11H14O2,"Molecular Weight:178.22800
Density:1 g/cm3
Boiling Point:54ºC / 1mmHg
Melting Point:N/A",774-65-2
1-(Methylsulfonyl)-4-piperidinone,C6H11NO3S,"Molecular Weight:177.221
Density:1.3±0.1 g/cm3
Boiling Point:320.4±52.0 °C at 760 mmHg
Melting Point:N/A",218780-53-1
Cyclopropylboronic acid pinacol ester,C9H17BO2,"Molecular Weight:168.041
Density:0.922
Boiling Point:146 ºC
Melting Point:N/A",126689-01-8
3-Amino-4-methylpyridazine,C5H7N3,"Molecular Weight:109.12900
Density:1.155g/cm3
Boiling Point:316.8ºC at 760mmHg
Melting Point:N/A",90568-15-3
3-Ethyl-4-oxo-piperidine-1-carboxylic acid tert-butyl ester,C12H21NO3,"Molecular Weight:227.30000
Density:N/A
Boiling Point:N/A
Melting Point:N/A",117565-57-8
"3,4-DIHYDRO-3-[(4-MORPHOLINYL)METHYL]-2H-1,4-BENZOXAZINE",C13H18N2O2,"Molecular Weight:234.29400
Density:1.139g/cm3
Boiling Point:379.5ºC at 760 mmHg
Melting Point:N/A",131513-35-4
(2-Chloro-5-methoxyphenyl)boronic acid,C7H8BClO3,"Molecular Weight:186.401
Density:1.3±0.1 g/cm3
Boiling Point:354.8±52.0 °C at 760 mmHg
Melting Point:106-110ºC",89694-46-2
4-METHYLAMINO-PIPERIDINE-1-CARBOXYLIC ACID ALLYL ESTER,C10H18N2O2,"Molecular Weight:198.26200
Density:N/A
Boiling Point:N/A
Melting Point:N/A",686320-62-7
1-N-PHENYL-2-METHYL-PIPERIDIN-4-ONE,C12H15NO,"Molecular Weight:189.25400
Density:N/A
Boiling Point:N/A
Melting Point:N/A",857388-33-1
TERT-BUTYL 2-(TERT-BUTYL)-4-OXOPIPERIDINE-1-CARBOXYLATE,C14H25NO3,"Molecular Weight:255.35300
Density:N/A
Boiling Point:N/A
Melting Point:N/A",362704-50-5
3-Bromo-5-methylbenzonitrile,C8H6BrN,"Molecular Weight:196.044
Density:1.5±0.1 g/cm3
Boiling Point:256.1±20.0 °C at 760 mmHg
Melting Point:N/A",124289-21-0
4-methoxy-3-(triisopropylsilyl)pyridine,C15H27NOSi,"Molecular Weight:265.46600
Density:0.91 g/cm3
Boiling Point:331.2ºC at 760 mmHg
Melting Point:N/A",126378-42-5
tert-butyl 3-benzyl-4-oxopiperidine-1-carboxylate,C17H23NO3,"Molecular Weight:289.36900
Density:1.115g/cm3
Boiling Point:409ºC at 760mmHg
Melting Point:N/A",193274-82-7
5-Bromoisophthalonitrile,C8H3BrN2,"Molecular Weight:207.027
Density:1.7±0.1 g/cm3
Boiling Point:256.8±20.0 °C at 760 mmHg
Melting Point:N/A",160892-07-9
(R)-tert-Butyl 3-((methylamino)methyl)pyrrolidine-1-carboxylate,C11H22N2O2,"Molecular Weight:214.30500
Density:1.004 g/cm3
Boiling Point:281.8ºC at 760 mmHg
Melting Point:N/A",404594-16-7
1-N-Cbz-4-Cyanopiperidine,C14H16N2O2,"Molecular Weight:244.28900
Density:1.18g/cm3
Boiling Point:416.5ºC at 760mmHg
Melting Point:N/A",161609-84-3
Benzyl piperidine-2-ylmethylcarbamate,C14H20N2O2,"Molecular Weight:248.32100
Density:N/A
Boiling Point:N/A
Melting Point:N/A",184044-09-5
"3-(4,4,5,5-Tetramethyl-1,3,2-dioxaborolan-2-yl)pyridine",C11H16BNO2,"Molecular Weight:205.061
Density:1.0±0.1 g/cm3
Boiling Point:300.9±15.0 °C at 760 mmHg
Melting Point:102-104.4 °C(lit.)",329214-79-1
"2,3,6-Tribromo-5-methylpyridine",C6H4Br3N,"Molecular Weight:329.815
Density:2.2±0.1 g/cm3
Boiling Point:322.7±37.0 °C at 760 mmHg
Melting Point:N/A",393516-82-0
"tert-butyl 3,5-dimethylpiperazine-1-carboxylate",C11H22N2O2,"Molecular Weight:214.305
Density:1.0±0.1 g/cm3
Boiling Point:279.7±15.0 °C at 760 mmHg
Melting Point:N/A",129779-30-2
5-ETHYLTHIOPHENE-2-BORONIC ACID,C6H9BO2S,"Molecular Weight:156.01000
Density:1.204 g/cm3
Boiling Point:307.948ºC at 760 mmHg
Melting Point:N/A",162607-16-1
tert-Butyl methyl(piperidin-3-ylmethyl)-carbamate,C12H24N2O2,"Molecular Weight:228.33100
Density:0.978g/cm3
Boiling Point:306.014ºC at 760 mmHg
Melting Point:N/A",169750-76-9
(R)-N-4-Benzyl-2-phenylpiperazine,C17H20N2,"Molecular Weight:252.35400
Density:1.069g/cm3
Boiling Point:386.3ºC at 760mmHg
Melting Point:N/A",5368-32-1
